kind,label,block_index,measurement_index,coeff_norm_mean,proj_norm_mean,relative_proj_mean,max_coeff_mean
dual,Donald Trump,0,0,51.88885498046875,51.88885498046875,0.4894704520702362,0.4342641830444336
dual,Donald Trump,0,1,46.625694274902344,46.625694274902344,0.48550945520401,0.42031776905059814
dual,Donald Trump,0,2,45.392791748046875,45.392791748046875,0.48813503980636597,0.41235214471817017
dual,Donald Trump,0,3,45.39183807373047,45.391841888427734,0.49446821212768555,0.40216588973999023
dual,Donald Trump,0,4,51.88885498046875,51.88885498046875,0.4894704520702362,0.4342641830444336
dual,Donald Trump,0,5,46.625694274902344,46.625694274902344,0.48550945520401,0.42031776905059814
dual,Donald Trump,0,6,45.392791748046875,45.392791748046875,0.48813503980636597,0.41235214471817017
dual,Donald Trump,0,7,45.39183807373047,45.391841888427734,0.49446821212768555,0.40216588973999023
dual,Donald Trump,0,8,51.88885498046875,51.88885498046875,0.4894704520702362,0.4342641830444336
dual,Donald Trump,0,9,46.625694274902344,46.625694274902344,0.48550945520401,0.42031776905059814
dual,Donald Trump,0,10,45.392791748046875,45.392791748046875,0.48813503980636597,0.41235214471817017
dual,Donald Trump,0,11,45.39183807373047,45.391841888427734,0.49446821212768555,0.40216588973999023
dual,Donald Trump,0,12,51.88885498046875,51.88885498046875,0.4894704520702362,0.4342641830444336
dual,Donald Trump,0,13,46.625694274902344,46.625694274902344,0.48550945520401,0.42031776905059814
dual,Donald Trump,0,14,45.392791748046875,45.392791748046875,0.48813503980636597,0.41235214471817017
dual,Donald Trump,0,15,45.39183807373047,45.391841888427734,0.49446821212768555,0.40216588973999023
dual,Donald Trump,0,16,51.88885498046875,51.88885498046875,0.4894704520702362,0.4342641830444336
dual,Donald Trump,0,17,46.625694274902344,46.625694274902344,0.48550945520401,0.42031776905059814
dual,Donald Trump,0,18,45.392791748046875,45.392791748046875,0.48813503980636597,0.41235214471817017
dual,Donald Trump,0,19,45.39183807373047,45.391841888427734,0.49446821212768555,0.40216588973999023
dual,Donald Trump,1,0,53.655792236328125,53.655799865722656,0.49485713243484497,0.42320960760116577
dual,Donald Trump,1,1,49.26224899291992,49.26224899291992,0.5129576921463013,0.4106367528438568
dual,Donald Trump,1,2,48.42797088623047,48.42797088623047,0.5259819030761719,0.40320587158203125
dual,Donald Trump,1,3,48.248748779296875,48.248748779296875,0.5377367734909058,0.3932001292705536
dual,Donald Trump,1,4,53.601287841796875,53.601295471191406,0.49561402201652527,0.4238407611846924
dual,Donald Trump,1,5,49.33453369140625,49.33454132080078,0.5134419202804565,0.4102886915206909
dual,Donald Trump,1,6,48.499874114990234,48.4998779296875,0.5262161493301392,0.40146884322166443
dual,Donald Trump,1,7,48.854454040527344,48.85445785522461,0.5420057773590088,0.39062780141830444
dual,Donald Trump,1,8,53.635650634765625,53.635650634765625,0.4946833848953247,0.4232182502746582
dual,Donald Trump,1,9,49.11088180541992,49.11088562011719,0.5100792646408081,0.40985605120658875
dual,Donald Trump,1,10,48.23765563964844,48.23766326904297,0.5235115885734558,0.4028777480125427
dual,Donald Trump,1,11,48.22850799560547,48.22850799560547,0.5371658205986023,0.39385128021240234
dual,Donald Trump,1,12,53.59330749511719,53.59331512451172,0.49515342712402344,0.42331600189208984
dual,Donald Trump,1,13,49.34095764160156,49.340965270996094,0.5136446952819824,0.41055890917778015
dual,Donald Trump,1,14,48.46733093261719,48.46733093261719,0.5263403058052063,0.4027028977870941
dual,Donald Trump,1,15,48.41729736328125,48.41729736328125,0.5389081835746765,0.3924894332885742
dual,Donald Trump,1,16,53.655181884765625,53.655189514160156,0.4950648546218872,0.423454612493515
dual,Donald Trump,1,17,49.097755432128906,49.097755432128906,0.5112693905830383,0.4096289575099945
dual,Donald Trump,1,18,48.191558837890625,48.191558837890625,0.5241509675979614,0.4016270041465759
dual,Donald Trump,1,19,48.39067077636719,48.39067840576172,0.5394437313079834,0.39139771461486816
dual,Donald Trump,2,0,36.642616271972656,36.642616271972656,0.38779696822166443,0.34065431356430054
dual,Donald Trump,2,1,29.416563034057617,29.416563034057617,0.3679339587688446,0.2863853871822357
dual,Donald Trump,2,2,28.69300079345703,28.693004608154297,0.3761563301086426,0.2708192765712738
dual,Donald Trump,2,3,29.517698287963867,29.517698287963867,0.3926726281642914,0.24755415320396423
dual,Donald Trump,2,4,37.120826721191406,37.120826721191406,0.393105685710907,0.3453494906425476
dual,Donald Trump,2,5,34.765602111816406,34.76560592651367,0.4509090185165405,0.32511284947395325
dual,Donald Trump,2,6,34.32662582397461,34.32662582397461,0.4616348147392273,0.30729150772094727
dual,Donald Trump,2,7,36.569786071777344,36.56978988647461,0.4916973114013672,0.2980397939682007
dual,Donald Trump,2,8,36.033653259277344,36.03365707397461,0.3848479390144348,0.3340139389038086
dual,Donald Trump,2,9,26.93811798095703,26.938121795654297,0.3570114076137543,0.28623706102371216
dual,Donald Trump,2,10,25.902128219604492,25.902130126953125,0.3600749373435974,0.26787352561950684
dual,Donald Trump,2,11,26.31307601928711,26.31307601928711,0.3765382766723633,0.2470615804195404
dual,Donald Trump,2,12,37.128211975097656,37.12821578979492,0.39294910430908203,0.3436130881309509
dual,Donald Trump,2,13,33.16583251953125,33.16583251953125,0.40504300594329834,0.2947680354118347
dual,Donald Trump,2,14,33.24017333984375,33.24017333984375,0.4231778383255005,0.2846195697784424
dual,Donald Trump,2,15,34.94550323486328,34.94550323486328,0.44995129108428955,0.2921457290649414
dual,Donald Trump,2,16,35.79536437988281,35.79536437988281,0.383413165807724,0.33256927132606506
dual,Donald Trump,2,17,30.920913696289062,30.920913696289062,0.4133966863155365,0.31150171160697937
dual,Donald Trump,2,18,29.395492553710938,29.395492553710938,0.4140714108943939,0.29320114850997925
dual,Donald Trump,2,19,30.04109764099121,30.04109764099121,0.43161696195602417,0.28194454312324524
dual,Donald Trump,3,0,51.24274826049805,51.24274826049805,0.4401741921901703,0.3900141716003418
dual,Donald Trump,3,1,40.12583541870117,40.12583541870117,0.4222441613674164,0.3270706534385681
dual,Donald Trump,3,2,37.26445770263672,37.26445770263672,0.42490947246551514,0.3103440999984741
dual,Donald Trump,3,3,36.73175811767578,36.73175811767578,0.4403574466705322,0.29350870847702026
dual,Donald Trump,3,4,51.75741195678711,51.75741195678711,0.4501229524612427,0.39988479018211365
dual,Donald Trump,3,5,43.87270736694336,43.87270736694336,0.469645619392395,0.3555867373943329
dual,Donald Trump,3,6,42.216407775878906,42.21641159057617,0.48795056343078613,0.3507741391658783
dual,Donald Trump,3,7,43.18900680541992,43.18900680541992,0.5218322277069092,0.3507845997810364
dual,Donald Trump,3,8,50.93940353393555,50.93940734863281,0.44234877824783325,0.39004939794540405
dual,Donald Trump,3,9,38.028717041015625,38.028717041015625,0.40480321645736694,0.3200722634792328
dual,Donald Trump,3,10,35.54836654663086,35.548370361328125,0.4083804786205292,0.30299219489097595
dual,Donald Trump,3,11,35.340972900390625,35.340972900390625,0.4282101094722748,0.2915186583995819
dual,Donald Trump,3,12,51.91944122314453,51.9194450378418,0.4468562602996826,0.39508056640625
dual,Donald Trump,3,13,42.45507049560547,42.455078125,0.44193196296691895,0.3377684950828552
dual,Donald Trump,3,14,40.65338897705078,40.65338897705078,0.4556368589401245,0.3356722593307495
dual,Donald Trump,3,15,41.07574462890625,41.07574462890625,0.4808160662651062,0.3310348093509674
dual,Donald Trump,3,16,50.98685836791992,50.98686218261719,0.44489574432373047,0.39527344703674316
dual,Donald Trump,3,17,42.36127471923828,42.36127471923828,0.4560713768005371,0.35251373052597046
dual,Donald Trump,3,18,40.11723709106445,40.11723709106445,0.4683668613433838,0.3495422303676605
dual,Donald Trump,3,19,40.29149627685547,40.29149627685547,0.4949672222137451,0.3518404960632324
dual,Donald Trump,4,0,56.21702194213867,56.21702194213867,0.4752572476863861,0.4149218201637268
dual,Donald Trump,4,1,45.30031967163086,45.30031967163086,0.4799048602581024,0.3742809295654297
dual,Donald Trump,4,2,42.76959228515625,42.76959991455078,0.4900352358818054,0.3571411371231079
dual,Donald Trump,4,3,42.146575927734375,42.146583557128906,0.5074779391288757,0.34283170104026794
dual,Donald Trump,4,4,56.55729293823242,56.55729293823242,0.48217639327049255,0.4234464168548584
dual,Donald Trump,4,5,47.641292572021484,47.641292572021484,0.514124870300293,0.39286184310913086
dual,Donald Trump,4,6,46.452842712402344,46.452850341796875,0.5387892127037048,0.38196295499801636
dual,Donald Trump,4,7,47.46613693237305,47.46613693237305,0.5724721550941467,0.3720444142818451
dual,Donald Trump,4,8,55.133331298828125,55.133331298828125,0.4695507287979126,0.41473883390426636
dual,Donald Trump,4,9,43.764404296875,43.764404296875,0.46149742603302,0.36231011152267456
dual,Donald Trump,4,10,41.66450500488281,41.66450500488281,0.47307953238487244,0.3482370972633362
dual,Donald Trump,4,11,41.446449279785156,41.44645309448242,0.49743908643722534,0.3435404300689697
dual,Donald Trump,4,12,56.998451232910156,56.998451232910156,0.4807080030441284,0.418384313583374
dual,Donald Trump,4,13,47.81696701049805,47.81696701049805,0.5027632713317871,0.383044958114624
dual,Donald Trump,4,14,46.991905212402344,46.991905212402344,0.5254480838775635,0.3700992465019226
dual,Donald Trump,4,15,47.6424674987793,47.6424674987793,0.5491316318511963,0.35824137926101685
dual,Donald Trump,4,16,56.35350799560547,56.353511810302734,0.4806687831878662,0.4192795157432556
dual,Donald Trump,4,17,46.860618591308594,46.860618591308594,0.5060407519340515,0.39097461104393005
dual,Donald Trump,4,18,44.65684127807617,44.65684127807617,0.5197243690490723,0.38075053691864014
dual,Donald Trump,4,19,44.68770980834961,44.687713623046875,0.5458416938781738,0.3669346570968628
dual,Donald Trump,5,0,51.43825912475586,51.43825912475586,0.46960651874542236,0.4253044128417969
dual,Donald Trump,5,1,40.12681579589844,40.12681579589844,0.4907849431037903,0.3947885036468506
dual,Donald Trump,5,2,38.311683654785156,38.31168746948242,0.4946756064891815,0.3791097104549408
dual,Donald Trump,5,3,38.25629425048828,38.25629425048828,0.5034639835357666,0.3573325574398041
dual,Donald Trump,5,4,52.77638244628906,52.77638244628906,0.4817293584346771,0.4369349479675293
dual,Donald Trump,5,5,41.34423065185547,41.344234466552734,0.5099482536315918,0.4036289155483246
dual,Donald Trump,5,6,39.839210510253906,39.83921432495117,0.5147619247436523,0.3925397992134094
dual,Donald Trump,5,7,40.656532287597656,40.65653610229492,0.5270723700523376,0.3728235960006714
dual,Donald Trump,5,8,50.630645751953125,50.630645751953125,0.4666087031364441,0.4218764007091522
dual,Donald Trump,5,9,37.461727142333984,37.46173095703125,0.46150001883506775,0.3636454939842224
dual,Donald Trump,5,10,36.31209182739258,36.31209182739258,0.4692535400390625,0.3458626866340637
dual,Donald Trump,5,11,37.224449157714844,37.224449157714844,0.48892471194267273,0.3320351839065552
dual,Donald Trump,5,12,52.40887451171875,52.40888214111328,0.47698432207107544,0.4310213029384613
dual,Donald Trump,5,13,41.50105285644531,41.50105285644531,0.5091425776481628,0.4037137031555176
dual,Donald Trump,5,14,40.20201110839844,40.20201110839844,0.5146011710166931,0.3888511657714844
dual,Donald Trump,5,15,41.45575714111328,41.45575714111328,0.5320409536361694,0.36327871680259705
dual,Donald Trump,5,16,52.04259490966797,52.042598724365234,0.475909948348999,0.4296773076057434
dual,Donald Trump,5,17,40.46824264526367,40.46824264526367,0.5018733739852905,0.39710116386413574
dual,Donald Trump,5,18,38.66619110107422,38.66619110107422,0.5037464499473572,0.38123154640197754
dual,Donald Trump,5,19,39.28971481323242,39.28971862792969,0.5166974663734436,0.36047518253326416
dual,Donald Trump,6,0,69.11305236816406,69.11305236816406,0.4953490197658539,0.45658278465270996
dual,Donald Trump,6,1,56.05499267578125,56.05499267578125,0.5259730219841003,0.4179762303829193
dual,Donald Trump,6,2,52.018795013427734,52.01879119873047,0.5127043128013611,0.38391241431236267
dual,Donald Trump,6,3,50.26031494140625,50.26031494140625,0.5077148675918579,0.3518902659416199
dual,Donald Trump,6,4,70.6185073852539,70.6185073852539,0.5022379159927368,0.4629170298576355
dual,Donald Trump,6,5,56.00822067260742,56.00822067260742,0.5236677527427673,0.4064915180206299
dual,Donald Trump,6,6,53.1479606628418,53.1479606628418,0.5191107392311096,0.3785293996334076
dual,Donald Trump,6,7,52.300933837890625,52.300933837890625,0.5205944776535034,0.3527964949607849
dual,Donald Trump,6,8,69.07571411132812,69.07571411132812,0.49855920672416687,0.45922335982322693
dual,Donald Trump,6,9,52.71189498901367,52.71189498901367,0.5041136145591736,0.3960326313972473
dual,Donald Trump,6,10,48.31025314331055,48.31024932861328,0.49425745010375977,0.36237916350364685
dual,Donald Trump,6,11,47.76920700073242,47.76920700073242,0.5012468695640564,0.3383471965789795
dual,Donald Trump,6,12,69.53233337402344,69.53233337402344,0.49936148524284363,0.4599704444408417
dual,Donald Trump,6,13,55.432090759277344,55.432090759277344,0.5250024795532227,0.4131772220134735
dual,Donald Trump,6,14,51.5496826171875,51.5496826171875,0.5146909952163696,0.37731146812438965
dual,Donald Trump,6,15,50.843162536621094,50.84315490722656,0.5201793909072876,0.3462337255477905
dual,Donald Trump,6,16,70.19304656982422,70.19304656982422,0.5051158666610718,0.4641423225402832
dual,Donald Trump,6,17,55.868247985839844,55.868247985839844,0.5405948758125305,0.42237579822540283
dual,Donald Trump,6,18,51.05590057373047,51.05590057373047,0.5220321416854858,0.3857499957084656
dual,Donald Trump,6,19,49.707733154296875,49.707733154296875,0.5170204043388367,0.35388410091400146
dual,Donald Trump,7,0,52.95705795288086,52.957061767578125,0.4843594431877136,0.43218156695365906
dual,Donald Trump,7,1,41.059478759765625,41.059478759765625,0.4970143735408783,0.360352098941803
dual,Donald Trump,7,2,38.201759338378906,38.201759338378906,0.485113263130188,0.3297221064567566
dual,Donald Trump,7,3,36.62478256225586,36.62478256225586,0.47097259759902954,0.31033486127853394
dual,Donald Trump,7,4,54.42499923706055,54.42500305175781,0.49438905715942383,0.43804121017456055
dual,Donald Trump,7,5,40.89258575439453,40.89258575439453,0.49456724524497986,0.35490453243255615
dual,Donald Trump,7,6,38.532196044921875,38.532196044921875,0.4856666922569275,0.32303160429000854
dual,Donald Trump,7,7,37.5487060546875,37.5487060546875,0.4782907962799072,0.3182283043861389
dual,Donald Trump,7,8,52.595252990722656,52.59525680541992,0.48707836866378784,0.432723730802536
dual,Donald Trump,7,9,39.00951385498047,39.00951385498047,0.48725494742393494,0.3481593728065491
dual,Donald Trump,7,10,36.094970703125,36.094970703125,0.47794145345687866,0.31778788566589355
dual,Donald Trump,7,11,35.15196228027344,35.15196990966797,0.47620445489883423,0.30948135256767273
dual,Donald Trump,7,12,53.93696212768555,53.93696594238281,0.49401432275772095,0.4407082796096802
dual,Donald Trump,7,13,40.2220344543457,40.22203826904297,0.4959428906440735,0.3662322759628296
dual,Donald Trump,7,14,37.603126525878906,37.603126525878906,0.4871947169303894,0.3279402256011963
dual,Donald Trump,7,15,37.05873107910156,37.05873107910156,0.48715004324913025,0.3253129720687866
dual,Donald Trump,7,16,53.80961227416992,53.80961608886719,0.49718114733695984,0.4390895366668701
dual,Donald Trump,7,17,42.2908935546875,42.2908935546875,0.5218722820281982,0.3814028203487396
dual,Donald Trump,7,18,39.00625228881836,39.006256103515625,0.5090382695198059,0.3458279073238373
dual,Donald Trump,7,19,37.727867126464844,37.72787094116211,0.49967464804649353,0.32254523038864136
dual,Donald Trump,8,0,70.2793197631836,70.2793197631836,0.553676187992096,0.4973796606063843
dual,Donald Trump,8,1,52.35240936279297,52.35240936279297,0.5486558675765991,0.4081326723098755
dual,Donald Trump,8,2,49.360740661621094,49.360740661621094,0.5403544902801514,0.3798046112060547
dual,Donald Trump,8,3,48.01003646850586,48.010040283203125,0.5385342836380005,0.36871203780174255
dual,Donald Trump,8,4,71.01083374023438,71.01083374023438,0.5530470013618469,0.49644607305526733
dual,Donald Trump,8,5,53.874000549316406,53.87400436401367,0.5481428503990173,0.3936692178249359
dual,Donald Trump,8,6,50.668670654296875,50.668670654296875,0.5403422117233276,0.3632819354534149
dual,Donald Trump,8,7,49.49702072143555,49.49702072143555,0.5446231365203857,0.3625656068325043
dual,Donald Trump,8,8,70.07052612304688,70.07051849365234,0.552639901638031,0.49621737003326416
dual,Donald Trump,8,9,51.53310775756836,51.53310775756836,0.5484461784362793,0.4025248885154724
dual,Donald Trump,8,10,47.90220260620117,47.90220260620117,0.5316570401191711,0.3631342053413391
dual,Donald Trump,8,11,46.571624755859375,46.571624755859375,0.5328783988952637,0.34905076026916504
dual,Donald Trump,8,12,70.94538879394531,70.94538116455078,0.5579501390457153,0.5025148391723633
dual,Donald Trump,8,13,53.3585205078125,53.3585205078125,0.5430998802185059,0.4091736674308777
dual,Donald Trump,8,14,50.69868087768555,50.69868087768555,0.5442356467247009,0.36924153566360474
dual,Donald Trump,8,15,49.93646240234375,49.93646240234375,0.5484269857406616,0.36564862728118896
dual,Donald Trump,8,16,71.5105209350586,71.5105209350586,0.5596628189086914,0.5018538236618042
dual,Donald Trump,8,17,54.69443893432617,54.69443893432617,0.5680630207061768,0.42377156019210815
dual,Donald Trump,8,18,51.453941345214844,51.453941345214844,0.5556092262268066,0.39291834831237793
dual,Donald Trump,8,19,49.85540008544922,49.85540008544922,0.553392231464386,0.35956907272338867
dual,Donald Trump,9,0,61.39207458496094,61.39208221435547,0.5224010348320007,0.47156327962875366
dual,Donald Trump,9,1,52.556175231933594,52.55617904663086,0.5283209085464478,0.3946263790130615
dual,Donald Trump,9,2,49.68403244018555,49.68403244018555,0.5266071557998657,0.3612820506095886
dual,Donald Trump,9,3,48.52001953125,48.52001953125,0.5290940403938293,0.33466291427612305
dual,Donald Trump,9,4,62.16096115112305,62.16096496582031,0.5294585824012756,0.4787232279777527
dual,Donald Trump,9,5,54.56620788574219,54.56621551513672,0.5481891632080078,0.38802504539489746
dual,Donald Trump,9,6,51.96905517578125,51.96906280517578,0.5479425191879272,0.3570968508720398
dual,Donald Trump,9,7,51.368408203125,51.368408203125,0.5555728673934937,0.33699938654899597
dual,Donald Trump,9,8,61.89336395263672,61.893367767333984,0.530727744102478,0.480680912733078
dual,Donald Trump,9,9,52.88524627685547,52.88524627685547,0.5457617044448853,0.40547335147857666
dual,Donald Trump,9,10,49.2592887878418,49.2592887878418,0.5399672389030457,0.3610806465148926
dual,Donald Trump,9,11,48.681861877441406,48.68186569213867,0.550290048122406,0.33332523703575134
dual,Donald Trump,9,12,61.6460075378418,61.646018981933594,0.5257176160812378,0.4761377274990082
dual,Donald Trump,9,13,52.409576416015625,52.40957260131836,0.533481240272522,0.3882608115673065
dual,Donald Trump,9,14,49.480194091796875,49.480194091796875,0.5287338495254517,0.34797951579093933
dual,Donald Trump,9,15,47.980735778808594,47.980743408203125,0.5271292924880981,0.3224066495895386
dual,Donald Trump,9,16,63.148155212402344,63.148155212402344,0.5365179777145386,0.48359355330467224
dual,Donald Trump,9,17,55.62422180175781,55.624229431152344,0.5582243204116821,0.4023789167404175
dual,Donald Trump,9,18,52.98741912841797,52.98741912841797,0.5627714991569519,0.3703792691230774
dual,Donald Trump,9,19,52.12078094482422,52.12078094482422,0.5717132091522217,0.33840084075927734
dual,Donald Trump,10,0,83.01954650878906,83.01954650878906,0.552889347076416,0.4753170907497406
dual,Donald Trump,10,1,80.67970275878906,80.67970275878906,0.6046819686889648,0.5046162605285645
dual,Donald Trump,10,2,74.0394515991211,74.0394515991211,0.594414472579956,0.4898892343044281
dual,Donald Trump,10,3,68.35231018066406,68.35231018066406,0.5847920179367065,0.4633159041404724
dual,Donald Trump,10,4,82.86565399169922,82.86565399169922,0.5563644170761108,0.47718462347984314
dual,Donald Trump,10,5,74.62678527832031,74.62678527832031,0.5969274044036865,0.47995686531066895
dual,Donald Trump,10,6,66.95021057128906,66.95021057128906,0.5836593508720398,0.4581882953643799
dual,Donald Trump,10,7,64.21635437011719,64.21635437011719,0.5797943472862244,0.437378466129303
dual,Donald Trump,10,8,82.864990234375,82.864990234375,0.5573300123214722,0.48208174109458923
dual,Donald Trump,10,9,81.75701141357422,81.75701141357422,0.6095285415649414,0.49389219284057617
dual,Donald Trump,10,10,68.56768798828125,68.56768798828125,0.5852553844451904,0.45501571893692017
dual,Donald Trump,10,11,63.5916748046875,63.5916748046875,0.5856594443321228,0.4227373003959656
dual,Donald Trump,10,12,82.81014251708984,82.81015014648438,0.550197422504425,0.47249311208724976
dual,Donald Trump,10,13,74.46331787109375,74.46331787109375,0.5809004306793213,0.4683816134929657
dual,Donald Trump,10,14,66.79586791992188,66.79586791992188,0.5714939832687378,0.4506857991218567
dual,Donald Trump,10,15,63.13248825073242,63.13248825073242,0.5596643686294556,0.41452568769454956
dual,Donald Trump,10,16,84.41392517089844,84.41392517089844,0.5635368227958679,0.4827670454978943
dual,Donald Trump,10,17,80.92285919189453,80.92285919189453,0.6149958372116089,0.5102332830429077
dual,Donald Trump,10,18,72.80110168457031,72.80110168457031,0.6054714322090149,0.4858197569847107
dual,Donald Trump,10,19,68.4266586303711,68.4266586303711,0.6014548540115356,0.44988298416137695
dual,Donald Trump,11,0,82.214599609375,82.214599609375,0.534783124923706,0.4782078266143799
dual,Donald Trump,11,1,76.04114532470703,76.04114532470703,0.5843624472618103,0.4408589005470276
dual,Donald Trump,11,2,69.29086303710938,69.29086303710938,0.579709529876709,0.41069865226745605
dual,Donald Trump,11,3,64.65227508544922,64.65227508544922,0.5741411447525024,0.37673163414001465
dual,Donald Trump,11,4,82.73040771484375,82.73040771484375,0.539391040802002,0.4822559356689453
dual,Donald Trump,11,5,73.61503601074219,73.61503601074219,0.5919780135154724,0.41640645265579224
dual,Donald Trump,11,6,66.77902221679688,66.77902221679688,0.5834378600120544,0.3779873549938202
dual,Donald Trump,11,7,63.237152099609375,63.237152099609375,0.5761287212371826,0.34805208444595337
dual,Donald Trump,11,8,82.96463012695312,82.96463012695312,0.5394378900527954,0.48291194438934326
dual,Donald Trump,11,9,75.11819458007812,75.11819458007812,0.5878936648368835,0.43075013160705566
dual,Donald Trump,11,10,65.37345886230469,65.37345886230469,0.5767751932144165,0.3809928297996521
dual,Donald Trump,11,11,60.402217864990234,60.4022216796875,0.5773472189903259,0.3430640697479248
dual,Donald Trump,11,12,81.69868469238281,81.69868469238281,0.5327893495559692,0.478459894657135
dual,Donald Trump,11,13,71.381103515625,71.381103515625,0.5586882829666138,0.38759011030197144
dual,Donald Trump,11,14,62.78614044189453,62.78614044189453,0.5464959144592285,0.35201096534729004
dual,Donald Trump,11,15,57.5634880065918,57.56349182128906,0.5264372229576111,0.3148946166038513
dual,Donald Trump,11,16,83.44618225097656,83.4461898803711,0.5384140014648438,0.4822196364402771
dual,Donald Trump,11,17,76.32156372070312,76.32157897949219,0.6014320850372314,0.4487189054489136
dual,Donald Trump,11,18,69.07984924316406,69.0798568725586,0.6056517958641052,0.41056394577026367
dual,Donald Trump,11,19,64.67909240722656,64.67909240722656,0.6019489169120789,0.3708052635192871
dual,Donald Trump,12,0,105.1171875,105.1172103881836,0.5558226108551025,0.47984790802001953
dual,Donald Trump,12,1,100.03892517089844,100.03892517089844,0.5890370607376099,0.4728069305419922
dual,Donald Trump,12,2,89.18051147460938,89.18052673339844,0.5740156769752502,0.4418560862541199
dual,Donald Trump,12,3,79.11470031738281,79.11470031738281,0.5637120008468628,0.3978366255760193
dual,Donald Trump,12,4,106.3947982788086,106.39482116699219,0.5637136697769165,0.48742592334747314
dual,Donald Trump,12,5,96.87483215332031,96.87483978271484,0.5922938585281372,0.4551684856414795
dual,Donald Trump,12,6,83.35338592529297,83.35338592529297,0.5742435455322266,0.4069293737411499
dual,Donald Trump,12,7,76.2602310180664,76.2602310180664,0.5652179718017578,0.36103805899620056
dual,Donald Trump,12,8,106.66183471679688,106.66184997558594,0.5611926913261414,0.48590072989463806
dual,Donald Trump,12,9,102.30870056152344,102.30870056152344,0.6092965602874756,0.4803379476070404
dual,Donald Trump,12,10,88.58314514160156,88.58314514160156,0.5972723364830017,0.4325234293937683
dual,Donald Trump,12,11,80.13983154296875,80.13983154296875,0.5977136492729187,0.3884686231613159
dual,Donald Trump,12,12,104.35111999511719,104.35111999511719,0.5565691590309143,0.4833272397518158
dual,Donald Trump,12,13,92.7093734741211,92.70938110351562,0.5712828636169434,0.42800748348236084
dual,Donald Trump,12,14,79.16609191894531,79.16609191894531,0.5405827760696411,0.3765600919723511
dual,Donald Trump,12,15,71.05204010009766,71.05204772949219,0.5188974142074585,0.32948726415634155
dual,Donald Trump,12,16,106.88401794433594,106.88401794433594,0.5651987195014954,0.4880375564098358
dual,Donald Trump,12,17,98.39457702636719,98.39457702636719,0.6007086038589478,0.4711757302284241
dual,Donald Trump,12,18,84.97481536865234,84.97481536865234,0.5970301032066345,0.4381648004055023
dual,Donald Trump,12,19,78.2069091796875,78.20692443847656,0.6006360054016113,0.389298677444458
dual,Donald Trump,13,0,77.68815612792969,77.68816375732422,0.513653576374054,0.45120716094970703
dual,Donald Trump,13,1,68.10789489746094,68.10789489746094,0.5124403238296509,0.39322778582572937
dual,Donald Trump,13,2,61.394371032714844,61.39437484741211,0.4926270842552185,0.36425966024398804
dual,Donald Trump,13,3,57.75706100463867,57.75706100463867,0.49004101753234863,0.31764015555381775
dual,Donald Trump,13,4,78.76724243164062,78.76724243164062,0.5184316039085388,0.45447295904159546
dual,Donald Trump,13,5,63.606685638427734,63.606685638427734,0.511644721031189,0.36803436279296875
dual,Donald Trump,13,6,57.86174774169922,57.861751556396484,0.49704819917678833,0.3262808322906494
dual,Donald Trump,13,7,55.91375732421875,55.91375732421875,0.4928893446922302,0.29710376262664795
dual,Donald Trump,13,8,79.94989776611328,79.94990539550781,0.5230081081390381,0.45984262228012085
dual,Donald Trump,13,9,67.21891784667969,67.21891784667969,0.5321107506752014,0.40595054626464844
dual,Donald Trump,13,10,58.86579513549805,58.86579513549805,0.5127369165420532,0.354497492313385
dual,Donald Trump,13,11,56.83311080932617,56.83311080932617,0.5174165964126587,0.31409966945648193
dual,Donald Trump,13,12,77.45092010498047,77.45092010498047,0.51063072681427,0.4490407109260559
dual,Donald Trump,13,13,63.073509216308594,63.07351303100586,0.48637962341308594,0.35614848136901855
dual,Donald Trump,13,14,56.356971740722656,56.356971740722656,0.4705128073692322,0.32849201560020447
dual,Donald Trump,13,15,54.70269012451172,54.70269012451172,0.46876370906829834,0.2978481650352478
dual,Donald Trump,13,16,78.99251556396484,78.99252319335938,0.5178822875022888,0.4550783038139343
dual,Donald Trump,13,17,67.03121948242188,67.03121948242188,0.5239400267601013,0.39849862456321716
dual,Donald Trump,13,18,59.101661682128906,59.10166549682617,0.5106331706047058,0.36303067207336426
dual,Donald Trump,13,19,57.8226432800293,57.8226432800293,0.5215544700622559,0.320891797542572
dual,Donald Trump,14,0,76.7471923828125,76.7471923828125,0.5413815379142761,0.5010560154914856
dual,Donald Trump,14,1,62.80799102783203,62.8079948425293,0.5584170818328857,0.431427001953125
dual,Donald Trump,14,2,56.35956954956055,56.35956954956055,0.5558297634124756,0.40083950757980347
dual,Donald Trump,14,3,49.50167465209961,49.50167465209961,0.5451666712760925,0.34454238414764404
dual,Donald Trump,14,4,76.93090057373047,76.93090057373047,0.542905330657959,0.5030356049537659
dual,Donald Trump,14,5,59.031490325927734,59.031494140625,0.5619453191757202,0.417959064245224
dual,Donald Trump,14,6,51.6818962097168,51.6818962097168,0.5525588989257812,0.37599095702171326
dual,Donald Trump,14,7,47.43314743041992,47.43315124511719,0.5441234111785889,0.337955117225647
dual,Donald Trump,14,8,77.43916320800781,77.43917083740234,0.5426590442657471,0.5031948685646057
dual,Donald Trump,14,9,61.592403411865234,61.5924072265625,0.5799171328544617,0.44795581698417664
dual,Donald Trump,14,10,52.33263397216797,52.33263397216797,0.5675016641616821,0.39736032485961914
dual,Donald Trump,14,11,47.33208465576172,47.33208465576172,0.5631558895111084,0.3532123565673828
dual,Donald Trump,14,12,76.039306640625,76.039306640625,0.5373882055282593,0.4956772029399872
dual,Donald Trump,14,13,58.80739974975586,58.80739974975586,0.5411567091941833,0.40036410093307495
dual,Donald Trump,14,14,50.13296127319336,50.132965087890625,0.5232107639312744,0.3554961681365967
dual,Donald Trump,14,15,44.297454833984375,44.297454833984375,0.4996061325073242,0.30925774574279785
dual,Donald Trump,14,16,77.27662658691406,77.27662658691406,0.5442956686019897,0.5016523599624634
dual,Donald Trump,14,17,61.7175407409668,61.7175407409668,0.5746903419494629,0.44245558977127075
dual,Donald Trump,14,18,52.76068115234375,52.76068115234375,0.5711328983306885,0.39872872829437256
dual,Donald Trump,14,19,47.84612274169922,47.846126556396484,0.570364236831665,0.35748904943466187
dual,Donald Trump,15,0,53.05268096923828,53.05268478393555,0.4829025864601135,0.44335246086120605
dual,Donald Trump,15,1,48.03874206542969,48.03874206542969,0.5337929129600525,0.4246706962585449
dual,Donald Trump,15,2,42.99591064453125,42.99591064453125,0.5212816596031189,0.39385461807250977
dual,Donald Trump,15,3,39.25168991088867,39.25168991088867,0.5127801895141602,0.3408810794353485
dual,Donald Trump,15,4,53.01386260986328,53.01386260986328,0.48531374335289,0.44492289423942566
dual,Donald Trump,15,5,45.87882614135742,45.87882614135742,0.5401582717895508,0.4040448069572449
dual,Donald Trump,15,6,37.9518928527832,37.9518928527832,0.5090612173080444,0.3575311303138733
dual,Donald Trump,15,7,34.98332977294922,34.98332977294922,0.4934704005718231,0.29682978987693787
dual,Donald Trump,15,8,53.28844451904297,53.288448333740234,0.48176106810569763,0.44447800517082214
dual,Donald Trump,15,9,44.770477294921875,44.770477294921875,0.5386210680007935,0.4136023223400116
dual,Donald Trump,15,10,38.86381530761719,38.86381530761719,0.5229793787002563,0.3644479513168335
dual,Donald Trump,15,11,36.272029876708984,36.27203369140625,0.5173262357711792,0.30476924777030945
dual,Donald Trump,15,12,51.49523162841797,51.49523162841797,0.4722536504268646,0.4338173270225525
dual,Donald Trump,15,13,45.000587463378906,45.00059127807617,0.5051624774932861,0.3685035705566406
dual,Donald Trump,15,14,37.23344421386719,37.23344421386719,0.46971985697746277,0.31511491537094116
dual,Donald Trump,15,15,33.127723693847656,33.127723693847656,0.4424270987510681,0.25826770067214966
dual,Donald Trump,15,16,54.14466857910156,54.144676208496094,0.49215221405029297,0.4499697685241699
dual,Donald Trump,15,17,47.822505950927734,47.822505950927734,0.5445919632911682,0.4224851727485657
dual,Donald Trump,15,18,40.073482513427734,40.073482513427734,0.5253957509994507,0.3711177706718445
dual,Donald Trump,15,19,37.940879821777344,37.940879821777344,0.5344964861869812,0.319613516330719
dual,Donald Trump,16,0,76.75018310546875,76.75018310546875,0.4832410216331482,0.43597543239593506
dual,Donald Trump,16,1,71.63253784179688,71.63253784179688,0.5440751314163208,0.4405902028083801
dual,Donald Trump,16,2,66.1902847290039,66.1902847290039,0.5355214476585388,0.41381144523620605
dual,Donald Trump,16,3,59.87131881713867,59.87131881713867,0.5162400007247925,0.3642207086086273
dual,Donald Trump,16,4,75.59495544433594,75.5949478149414,0.480607807636261,0.43196576833724976
dual,Donald Trump,16,5,65.38157653808594,65.38157653808594,0.5308200716972351,0.41448044776916504
dual,Donald Trump,16,6,58.146270751953125,58.146270751953125,0.5209323763847351,0.37222787737846375
dual,Donald Trump,16,7,53.80846405029297,53.80846405029297,0.5046863555908203,0.3288034200668335
dual,Donald Trump,16,8,76.01502990722656,76.0150375366211,0.47871118783950806,0.43263381719589233
dual,Donald Trump,16,9,66.8361587524414,66.83616638183594,0.5372005105018616,0.4267943501472473
dual,Donald Trump,16,10,58.677513122558594,58.677513122558594,0.5373879671096802,0.3880429267883301
dual,Donald Trump,16,11,55.52534103393555,55.52534103393555,0.522384524345398,0.33771011233329773
dual,Donald Trump,16,12,73.52323913574219,73.52324676513672,0.48208388686180115,0.4372576177120209
dual,Donald Trump,16,13,65.32093811035156,65.32093048095703,0.49840205907821655,0.36895132064819336
dual,Donald Trump,16,14,59.047752380371094,59.047752380371094,0.4870406985282898,0.332083523273468
dual,Donald Trump,16,15,53.04486083984375,53.04486846923828,0.45804616808891296,0.2913251221179962
dual,Donald Trump,16,16,77.5948715209961,77.5948715209961,0.4883933663368225,0.4386534094810486
dual,Donald Trump,16,17,75.3473129272461,75.3473129272461,0.5641589164733887,0.4647407531738281
dual,Donald Trump,16,18,64.00611877441406,64.00611877441406,0.5513767600059509,0.4152892529964447
dual,Donald Trump,16,19,60.29815673828125,60.29816818237305,0.5438159704208374,0.36001086235046387
dual,Donald Trump,17,0,84.41090393066406,84.41090393066406,0.44901031255722046,0.4060472846031189
dual,Donald Trump,17,1,86.31864929199219,86.31864929199219,0.5096703767776489,0.3931352496147156
dual,Donald Trump,17,2,78.41966247558594,78.41966247558594,0.503786563873291,0.3672007918357849
dual,Donald Trump,17,3,74.97528076171875,74.97528076171875,0.5059547424316406,0.32164132595062256
dual,Donald Trump,17,4,85.12523651123047,85.12523651123047,0.4544562101364136,0.4022775888442993
dual,Donald Trump,17,5,82.71526336669922,82.71527099609375,0.49849969148635864,0.36068910360336304
dual,Donald Trump,17,6,76.40415954589844,76.40415954589844,0.5091871619224548,0.32279253005981445
dual,Donald Trump,17,7,73.32817077636719,73.32817077636719,0.5103471279144287,0.3298106789588928
dual,Donald Trump,17,8,83.91383361816406,83.91383361816406,0.4498898983001709,0.4063034951686859
dual,Donald Trump,17,9,86.25341033935547,86.25341033935547,0.513582706451416,0.38798755407333374
dual,Donald Trump,17,10,80.62652587890625,80.62652587890625,0.5401080846786499,0.35669395327568054
dual,Donald Trump,17,11,78.29964447021484,78.29964447021484,0.547153890132904,0.3482000231742859
dual,Donald Trump,17,12,84.00325012207031,84.00325012207031,0.456143319606781,0.40452903509140015
dual,Donald Trump,17,13,76.71151733398438,76.71153259277344,0.4589104652404785,0.3334871530532837
dual,Donald Trump,17,14,71.59085083007812,71.59085083007812,0.46347010135650635,0.3136920630931854
dual,Donald Trump,17,15,68.27146911621094,68.27146911621094,0.4628903865814209,0.310830295085907
dual,Donald Trump,17,16,85.80447387695312,85.80448913574219,0.45245271921157837,0.40124183893203735
dual,Donald Trump,17,17,90.82926940917969,90.82926940917969,0.52187579870224,0.3853797912597656
dual,Donald Trump,17,18,82.0304946899414,82.03050231933594,0.5339406132698059,0.36108386516571045
dual,Donald Trump,17,19,83.27046203613281,83.27046966552734,0.5534974932670593,0.35100364685058594
dual,Donald Trump,18,0,95.9188232421875,95.9188232421875,0.47953885793685913,0.42240557074546814
dual,Donald Trump,18,1,116.73763275146484,116.73763275146484,0.6141650676727295,0.5308839082717896
dual,Donald Trump,18,2,99.4556884765625,99.4556884765625,0.5973344445228577,0.4981108605861664
dual,Donald Trump,18,3,88.66357421875,88.66357421875,0.5821692943572998,0.4616166055202484
dual,Donald Trump,18,4,98.04307556152344,98.04307556152344,0.486203134059906,0.42313170433044434
dual,Donald Trump,18,5,113.95658874511719,113.95658874511719,0.6149429678916931,0.526667594909668
dual,Donald Trump,18,6,97.02642059326172,97.02642059326172,0.616989254951477,0.5013818144798279
dual,Donald Trump,18,7,84.35824584960938,84.35824584960938,0.5905457735061646,0.45488297939300537
dual,Donald Trump,18,8,96.67049407958984,96.67049407958984,0.48142704367637634,0.420082151889801
dual,Donald Trump,18,9,116.47108459472656,116.4710922241211,0.6217026710510254,0.54006427526474
dual,Donald Trump,18,10,104.92086029052734,104.92086029052734,0.6340503692626953,0.5219706296920776
dual,Donald Trump,18,11,91.61834716796875,91.61834716796875,0.6175390481948853,0.4749440550804138
dual,Donald Trump,18,12,95.61489868164062,95.61489868164062,0.47958987951278687,0.4208848476409912
dual,Donald Trump,18,13,108.3545150756836,108.3545150756836,0.5955762267112732,0.5180870890617371
dual,Donald Trump,18,14,90.6008529663086,90.6008529663086,0.5736172795295715,0.4753158986568451
dual,Donald Trump,18,15,75.82830810546875,75.82831573486328,0.5293411016464233,0.402121901512146
dual,Donald Trump,18,16,97.43817138671875,97.43817138671875,0.4912731647491455,0.4299125075340271
dual,Donald Trump,18,17,116.7398681640625,116.7398910522461,0.6289047002792358,0.5552807450294495
dual,Donald Trump,18,18,97.8045883178711,97.8045883178711,0.5998712778091431,0.4905495345592499
dual,Donald Trump,18,19,84.12112426757812,84.12112426757812,0.5815997123718262,0.4276139438152313
single,Donald Trump,0,0,63.70588684082031,63.705894470214844,0.5681736469268799,0.5052878260612488
single,Donald Trump,0,1,58.82476806640625,58.82476806640625,0.638872504234314,0.5154998898506165
single,Donald Trump,0,2,47.225181579589844,47.225181579589844,0.6060405373573303,0.4754551649093628
single,Donald Trump,0,3,40.44718933105469,40.44718933105469,0.5791772603988647,0.43422600626945496
single,Donald Trump,0,4,63.839134216308594,63.839141845703125,0.5688523054122925,0.5023474097251892
single,Donald Trump,0,5,58.40911865234375,58.40911865234375,0.636833131313324,0.5119878053665161
single,Donald Trump,0,6,47.2398796081543,47.2398796081543,0.6169700026512146,0.4829913079738617
single,Donald Trump,0,7,39.86407470703125,39.86407470703125,0.5862703323364258,0.42522236704826355
single,Donald Trump,0,8,64.04843139648438,64.04843139648438,0.5678859949111938,0.5053050518035889
single,Donald Trump,0,9,62.001487731933594,62.00149154663086,0.6599020957946777,0.5262546539306641
single,Donald Trump,0,10,56.43220138549805,56.43220138549805,0.6626737117767334,0.517873227596283
single,Donald Trump,0,11,47.8304557800293,47.8304557800293,0.6539949774742126,0.4839509427547455
single,Donald Trump,0,12,63.36125946044922,63.36125946044922,0.5666581392288208,0.5037559270858765
single,Donald Trump,0,13,53.41317367553711,53.41317367553711,0.6116302609443665,0.4915199279785156
single,Donald Trump,0,14,43.300758361816406,43.300758361816406,0.5699337720870972,0.4409353733062744
single,Donald Trump,0,15,35.52818298339844,35.52818298339844,0.5240908861160278,0.37798285484313965
single,Donald Trump,0,16,63.82110595703125,63.82110595703125,0.5708858370780945,0.5083261132240295
single,Donald Trump,0,17,62.5052490234375,62.50525665283203,0.6590310335159302,0.5416116118431091
single,Donald Trump,0,18,49.263397216796875,49.263397216796875,0.6283242106437683,0.4679732918739319
single,Donald Trump,0,19,41.920291900634766,41.920291900634766,0.6147751808166504,0.4233745038509369
single,Donald Trump,1,0,60.149375915527344,60.149375915527344,0.547432005405426,0.464559406042099
single,Donald Trump,1,1,56.140602111816406,56.140602111816406,0.6424057483673096,0.5042645335197449
single,Donald Trump,1,2,45.63950729370117,45.63950729370117,0.6119802594184875,0.4658321738243103
single,Donald Trump,1,3,39.104408264160156,39.104408264160156,0.5835123658180237,0.4343887269496918
single,Donald Trump,1,4,60.49359130859375,60.49359130859375,0.5526533722877502,0.46136099100112915
single,Donald Trump,1,5,56.093406677246094,56.09339904785156,0.6421368718147278,0.4995987117290497
single,Donald Trump,1,6,46.20208740234375,46.202083587646484,0.6220617294311523,0.4641425311565399
single,Donald Trump,1,7,38.603736877441406,38.603736877441406,0.5889450907707214,0.4235519766807556
single,Donald Trump,1,8,60.537532806396484,60.53752899169922,0.5490721464157104,0.4622844457626343
single,Donald Trump,1,9,59.05345153808594,59.05344772338867,0.6663403511047363,0.5172879695892334
single,Donald Trump,1,10,54.409271240234375,54.409271240234375,0.6744455099105835,0.49949944019317627
single,Donald Trump,1,11,46.218807220458984,46.218807220458984,0.6642738580703735,0.47188305854797363
single,Donald Trump,1,12,59.30733871459961,59.30733871459961,0.5486018657684326,0.4604915380477905
single,Donald Trump,1,13,51.421607971191406,51.42161178588867,0.6194653511047363,0.4824039340019226
single,Donald Trump,1,14,41.5302619934082,41.53025817871094,0.5726392269134521,0.43134182691574097
single,Donald Trump,1,15,33.69710922241211,33.69710922241211,0.5181823968887329,0.3710330128669739
single,Donald Trump,1,16,60.70397186279297,60.703975677490234,0.5556011199951172,0.46960973739624023
single,Donald Trump,1,17,58.23383712768555,58.23383712768555,0.6635851860046387,0.5321050882339478
single,Donald Trump,1,18,46.968719482421875,46.968719482421875,0.6352988481521606,0.46057915687561035
single,Donald Trump,1,19,40.39473342895508,40.39473342895508,0.6183808445930481,0.4108022451400757
single,Donald Trump,2,0,51.93806076049805,51.93806076049805,0.551974356174469,0.47500020265579224
single,Donald Trump,2,1,50.39360046386719,50.39360809326172,0.6606078147888184,0.5193815231323242
single,Donald Trump,2,2,42.10390853881836,42.10390853881836,0.6294628381729126,0.4779510498046875
single,Donald Trump,2,3,35.51129913330078,35.51129913330078,0.5862671732902527,0.4271002411842346
single,Donald Trump,2,4,51.830352783203125,51.830352783203125,0.552844762802124,0.47126683592796326
single,Donald Trump,2,5,49.83184814453125,49.83184814453125,0.6561043858528137,0.510039746761322
single,Donald Trump,2,6,41.35985565185547,41.35985565185547,0.6284507513046265,0.4788578748703003
single,Donald Trump,2,7,34.03580093383789,34.03580093383789,0.5782603621482849,0.4141051769256592
single,Donald Trump,2,8,52.51457977294922,52.51457977294922,0.5552672743797302,0.4760722517967224
single,Donald Trump,2,9,52.45330810546875,52.45331573486328,0.6852304339408875,0.5314866304397583
single,Donald Trump,2,10,48.60249328613281,48.60249328613281,0.685936689376831,0.507172167301178
single,Donald Trump,2,11,40.753807067871094,40.75381088256836,0.659757137298584,0.46945005655288696
single,Donald Trump,2,12,51.34421920776367,51.34422302246094,0.5464101433753967,0.4676198661327362
single,Donald Trump,2,13,46.301815032958984,46.301815032958984,0.636847734451294,0.4944887161254883
single,Donald Trump,2,14,38.14311599731445,38.14311599731445,0.5973295569419861,0.44294700026512146
single,Donald Trump,2,15,30.234088897705078,30.234088897705078,0.5254340171813965,0.37135809659957886
single,Donald Trump,2,16,53.01346969604492,53.01346969604492,0.5616062879562378,0.48138779401779175
single,Donald Trump,2,17,51.84855270385742,51.84855270385742,0.6799687147140503,0.5472149848937988
single,Donald Trump,2,18,41.853919982910156,41.853919982910156,0.637311577796936,0.45980238914489746
single,Donald Trump,2,19,36.15643310546875,36.15643310546875,0.6081634163856506,0.3972713351249695
single,Donald Trump,3,0,48.04044723510742,48.04045104980469,0.5707516074180603,0.4888310432434082
single,Donald Trump,3,1,44.322906494140625,44.322914123535156,0.6509053707122803,0.4972740113735199
single,Donald Trump,3,2,36.47959899902344,36.47959899902344,0.6161705851554871,0.4635050892829895
single,Donald Trump,3,3,31.319204330444336,31.319204330444336,0.5845670104026794,0.4246537685394287
single,Donald Trump,3,4,47.3533935546875,47.3533935546875,0.5703266859054565,0.4866160750389099
single,Donald Trump,3,5,43.74427032470703,43.7442741394043,0.646782636642456,0.48998790979385376
single,Donald Trump,3,6,36.53236389160156,36.53236389160156,0.6236957311630249,0.46316325664520264
single,Donald Trump,3,7,30.490394592285156,30.490394592285156,0.5836765170097351,0.41913384199142456
single,Donald Trump,3,8,48.530189514160156,48.53019332885742,0.5738628506660461,0.4919751286506653
single,Donald Trump,3,9,47.07494354248047,47.07494354248047,0.683159351348877,0.5196923017501831
single,Donald Trump,3,10,43.86114501953125,43.86114501953125,0.6794534921646118,0.5114884376525879
single,Donald Trump,3,11,36.51954650878906,36.51954650878906,0.6533998250961304,0.47039875388145447
single,Donald Trump,3,12,47.217323303222656,47.21732711791992,0.5645120143890381,0.4835647940635681
single,Donald Trump,3,13,40.292869567871094,40.292869567871094,0.6303862929344177,0.4744065999984741
single,Donald Trump,3,14,33.233131408691406,33.233131408691406,0.5848630666732788,0.4395686984062195
single,Donald Trump,3,15,26.365421295166016,26.36542320251465,0.5182867050170898,0.36514174938201904
single,Donald Trump,3,16,48.36224365234375,48.36224365234375,0.5798795819282532,0.49834221601486206
single,Donald Trump,3,17,45.651611328125,45.651611328125,0.6700723171234131,0.5231008529663086
single,Donald Trump,3,18,36.84372329711914,36.843727111816406,0.6248140335083008,0.44850847125053406
single,Donald Trump,3,19,32.21076965332031,32.21076965332031,0.6010134220123291,0.3909444212913513
single,Donald Trump,4,0,48.21453857421875,48.214534759521484,0.581440806388855,0.5154841542243958
single,Donald Trump,4,1,44.5208740234375,44.5208740234375,0.6667633056640625,0.5395950078964233
single,Donald Trump,4,2,36.680206298828125,36.68020248413086,0.6369057893753052,0.49996238946914673
single,Donald Trump,4,3,30.988468170166016,30.98846435546875,0.5999922156333923,0.44700464606285095
single,Donald Trump,4,4,47.28411102294922,47.28411102294922,0.5798537135124207,0.5120968222618103
single,Donald Trump,4,5,43.70629119873047,43.70629119873047,0.6566179990768433,0.5307900905609131
single,Donald Trump,4,6,36.70667266845703,36.70667266845703,0.6409801840782166,0.5066867470741272
single,Donald Trump,4,7,30.030380249023438,30.030380249023438,0.5963939428329468,0.4303801953792572
single,Donald Trump,4,8,48.6687126159668,48.66870880126953,0.5850780606269836,0.5185840725898743
single,Donald Trump,4,9,46.85395431518555,46.85395431518555,0.6900821924209595,0.5571060180664062
single,Donald Trump,4,10,43.5469970703125,43.5469970703125,0.6970161199569702,0.54369056224823
single,Donald Trump,4,11,36.143226623535156,36.143226623535156,0.671422004699707,0.49000808596611023
single,Donald Trump,4,12,47.44529342651367,47.445289611816406,0.5782345533370972,0.5145128965377808
single,Donald Trump,4,13,39.8671875,39.8671875,0.6382771730422974,0.5125459432601929
single,Donald Trump,4,14,32.56396484375,32.56396484375,0.5930843949317932,0.45963478088378906
single,Donald Trump,4,15,25.719030380249023,25.719030380249023,0.5304518938064575,0.37083715200424194
single,Donald Trump,4,16,48.38330078125,48.38330078125,0.591174840927124,0.5256292223930359
single,Donald Trump,4,17,45.943206787109375,45.943206787109375,0.682955265045166,0.5627286434173584
single,Donald Trump,4,18,36.872100830078125,36.87210464477539,0.6410489678382874,0.47056007385253906
single,Donald Trump,4,19,32.00766372680664,32.00766372680664,0.6133503317832947,0.39891791343688965
single,Donald Trump,5,0,46.64414978027344,46.64415740966797,0.5993438363075256,0.5132445096969604
single,Donald Trump,5,1,43.7119140625,43.71192169189453,0.6920294165611267,0.5337393283843994
single,Donald Trump,5,2,36.018959045410156,36.018959045410156,0.6571449041366577,0.507503867149353
single,Donald Trump,5,3,30.402297973632812,30.40230369567871,0.6174228191375732,0.4550049304962158
single,Donald Trump,5,4,45.38468933105469,45.38469696044922,0.5950595736503601,0.510979175567627
single,Donald Trump,5,5,41.924041748046875,41.924049377441406,0.6846909523010254,0.5237933993339539
single,Donald Trump,5,6,35.05816650390625,35.05817413330078,0.6558634638786316,0.49740108847618103
single,Donald Trump,5,7,29.675968170166016,29.675968170166016,0.6128219366073608,0.4357479214668274
single,Donald Trump,5,8,46.31249237060547,46.312496185302734,0.5990793704986572,0.5167576670646667
single,Donald Trump,5,9,45.24433135986328,45.24433135986328,0.7177128791809082,0.5496191382408142
single,Donald Trump,5,10,42.160064697265625,42.160064697265625,0.7149924039840698,0.559226930141449
single,Donald Trump,5,11,35.62103271484375,35.62103271484375,0.6887283325195312,0.5050405263900757
single,Donald Trump,5,12,45.20983123779297,45.20983123779297,0.594468355178833,0.5127213001251221
single,Donald Trump,5,13,39.28805160522461,39.288055419921875,0.6664726734161377,0.5182967782020569
single,Donald Trump,5,14,32.16651153564453,32.1665153503418,0.6134048700332642,0.4739025831222534
single,Donald Trump,5,15,26.0499267578125,26.0499267578125,0.5514327883720398,0.38803160190582275
single,Donald Trump,5,16,46.5048942565918,46.5048942565918,0.6107353568077087,0.5290058255195618
single,Donald Trump,5,17,45.19152069091797,45.19152069091797,0.7067393064498901,0.5467448234558105
single,Donald Trump,5,18,36.88422393798828,36.88422393798828,0.6630963683128357,0.4869498610496521
single,Donald Trump,5,19,31.980789184570312,31.980789184570312,0.6325500011444092,0.4276474416255951
single,Donald Trump,6,0,45.18324279785156,45.18324279785156,0.5942385196685791,0.5158300399780273
single,Donald Trump,6,1,42.38983154296875,42.38983154296875,0.6508159637451172,0.4945637583732605
single,Donald Trump,6,2,33.95140838623047,33.95140838623047,0.6032387018203735,0.4441526532173157
single,Donald Trump,6,3,28.283344268798828,28.283344268798828,0.560444712638855,0.39749675989151
single,Donald Trump,6,4,44.157997131347656,44.157997131347656,0.5920679569244385,0.5119591951370239
single,Donald Trump,6,5,41.68673324584961,41.686737060546875,0.6438862085342407,0.48656243085861206
single,Donald Trump,6,6,34.232383728027344,34.232383728027344,0.6071856021881104,0.454722136259079
single,Donald Trump,6,7,27.796361923217773,27.79636001586914,0.5555770397186279,0.38574036955833435
single,Donald Trump,6,8,44.848480224609375,44.848480224609375,0.5960050821304321,0.5177556872367859
single,Donald Trump,6,9,45.14704513549805,45.14704513549805,0.6825053691864014,0.5125954747200012
single,Donald Trump,6,10,41.67072677612305,41.67072677612305,0.6739835739135742,0.49408289790153503
single,Donald Trump,6,11,34.97970199584961,34.97970199584961,0.6510167121887207,0.4591214656829834
single,Donald Trump,6,12,43.55964660644531,43.55964660644531,0.5837517976760864,0.5049171447753906
single,Donald Trump,6,13,37.9769287109375,37.9769287109375,0.6189781427383423,0.4648869037628174
single,Donald Trump,6,14,31.03853416442871,31.038528442382812,0.5703692436218262,0.41446012258529663
single,Donald Trump,6,15,24.345561981201172,24.345561981201172,0.5058732628822327,0.3410760760307312
single,Donald Trump,6,16,44.88885498046875,44.888851165771484,0.6020156741142273,0.5235867500305176
single,Donald Trump,6,17,44.88671112060547,44.88671112060547,0.6740387678146362,0.5203043222427368
single,Donald Trump,6,18,35.47422409057617,35.47422409057617,0.6176683306694031,0.43313464522361755
single,Donald Trump,6,19,30.59087371826172,30.59087371826172,0.5827785134315491,0.373872846364975
single,Donald Trump,7,0,36.409915924072266,36.409915924072266,0.5846787691116333,0.4888152480125427
single,Donald Trump,7,1,35.37804412841797,35.37804412841797,0.6528726816177368,0.48091721534729004
single,Donald Trump,7,2,29.695104598999023,29.695106506347656,0.611720085144043,0.4651974141597748
single,Donald Trump,7,3,25.534976959228516,25.534976959228516,0.5726946592330933,0.4124141335487366
single,Donald Trump,7,4,36.16703796386719,36.16704559326172,0.5821397304534912,0.48701247572898865
single,Donald Trump,7,5,35.39011001586914,35.390106201171875,0.6482640504837036,0.4685043692588806
single,Donald Trump,7,6,29.783653259277344,29.783653259277344,0.6147699356079102,0.4545932412147522
single,Donald Trump,7,7,25.178085327148438,25.178089141845703,0.571753978729248,0.4013707637786865
single,Donald Trump,7,8,36.095428466796875,36.095428466796875,0.5813738107681274,0.48835963010787964
single,Donald Trump,7,9,38.3131103515625,38.3131103515625,0.6875211000442505,0.4920911490917206
single,Donald Trump,7,10,35.588993072509766,35.588993072509766,0.6780432462692261,0.5116268396377563
single,Donald Trump,7,11,29.956218719482422,29.956218719482422,0.638413667678833,0.4566105306148529
single,Donald Trump,7,12,35.649070739746094,35.649070739746094,0.5797673463821411,0.4907039403915405
single,Donald Trump,7,13,32.19718933105469,32.19718933105469,0.6187222003936768,0.45319676399230957
single,Donald Trump,7,14,27.01141929626465,27.01141929626465,0.5735062956809998,0.4313918352127075
single,Donald Trump,7,15,21.799060821533203,21.799060821533203,0.5110348463058472,0.35556086897850037
single,Donald Trump,7,16,36.12519836425781,36.12519454956055,0.5931141376495361,0.4990564286708832
single,Donald Trump,7,17,37.088035583496094,37.088035583496094,0.6624739170074463,0.4816529452800751
single,Donald Trump,7,18,30.700368881225586,30.700366973876953,0.6139134764671326,0.4299006164073944
single,Donald Trump,7,19,27.172414779663086,27.172414779663086,0.5870095491409302,0.3786337375640869
single,Donald Trump,8,0,39.21501159667969,39.21501159667969,0.5791290998458862,0.49749478697776794
single,Donald Trump,8,1,42.26714324951172,42.26714324951172,0.6773971319198608,0.5265587568283081
single,Donald Trump,8,2,35.08442687988281,35.08442687988281,0.6360608339309692,0.49925774335861206
single,Donald Trump,8,3,29.290191650390625,29.290191650390625,0.5886186361312866,0.44395744800567627
single,Donald Trump,8,4,39.428550720214844,39.428550720214844,0.5818295478820801,0.4989193379878998
single,Donald Trump,8,5,42.917694091796875,42.917694091796875,0.6775276064872742,0.5218731760978699
single,Donald Trump,8,6,35.65005111694336,35.650054931640625,0.6382688283920288,0.49154433608055115
single,Donald Trump,8,7,28.372234344482422,28.372234344482422,0.5765711665153503,0.4279962182044983
single,Donald Trump,8,8,39.34184265136719,39.34184265136719,0.5784432888031006,0.4965464472770691
single,Donald Trump,8,9,46.35432052612305,46.35432052612305,0.7127772569656372,0.5433812141418457
single,Donald Trump,8,10,42.88207244873047,42.88207244873047,0.7074189186096191,0.5549086332321167
single,Donald Trump,8,11,34.59206771850586,34.59206771850586,0.6637554168701172,0.5016034841537476
single,Donald Trump,8,12,38.5697021484375,38.5697021484375,0.5738505125045776,0.4938141107559204
single,Donald Trump,8,13,38.173675537109375,38.173675537109375,0.6485386490821838,0.496671199798584
single,Donald Trump,8,14,31.373640060424805,31.373640060424805,0.596301794052124,0.46189039945602417
single,Donald Trump,8,15,24.482473373413086,24.482473373413086,0.5215880870819092,0.3775847852230072
single,Donald Trump,8,16,38.829490661621094,38.829490661621094,0.5857317447662354,0.5045814514160156
single,Donald Trump,8,17,44.564430236816406,44.564430236816406,0.6917209029197693,0.5417143106460571
single,Donald Trump,8,18,35.0146598815918,35.01466369628906,0.6336284875869751,0.4760230779647827
single,Donald Trump,8,19,30.290935516357422,30.290937423706055,0.5979567170143127,0.40808093547821045
single,Donald Trump,9,0,41.351539611816406,41.351539611816406,0.5751738548278809,0.49600738286972046
single,Donald Trump,9,1,40.22489929199219,40.22490310668945,0.6264411807060242,0.4491017758846283
single,Donald Trump,9,2,33.14777374267578,33.14777374267578,0.5844534635543823,0.41674336791038513
single,Donald Trump,9,3,27.629165649414062,27.62917137145996,0.5369431972503662,0.3609330654144287
single,Donald Trump,9,4,41.007320404052734,41.007320404052734,0.5701968669891357,0.48904913663864136
single,Donald Trump,9,5,40.452327728271484,40.45233154296875,0.6291785836219788,0.43973296880722046
single,Donald Trump,9,6,33.30599594116211,33.30600357055664,0.5899034738540649,0.4163946509361267
single,Donald Trump,9,7,27.06611442565918,27.066116333007812,0.5316381454467773,0.3423284888267517
single,Donald Trump,9,8,41.034278869628906,41.034278869628906,0.5703970789909363,0.491559237241745
single,Donald Trump,9,9,44.398895263671875,44.398895263671875,0.6739976406097412,0.4685184359550476
single,Donald Trump,9,10,40.75896453857422,40.75896453857422,0.6620540618896484,0.4653400778770447
single,Donald Trump,9,11,33.87416458129883,33.87416458129883,0.6234791874885559,0.41414976119995117
single,Donald Trump,9,12,40.377288818359375,40.37729263305664,0.5650117993354797,0.48635226488113403
single,Donald Trump,9,13,36.41363525390625,36.413639068603516,0.6001441478729248,0.42255255579948425
single,Donald Trump,9,14,29.916067123413086,29.916072845458984,0.5493630170822144,0.3808691203594208
single,Donald Trump,9,15,23.72992515563965,23.72992515563965,0.48134469985961914,0.30255573987960815
single,Donald Trump,9,16,40.570587158203125,40.570587158203125,0.5770832300186157,0.49599331617355347
single,Donald Trump,9,17,42.51401901245117,42.51401901245117,0.6483292579650879,0.46207866072654724
single,Donald Trump,9,18,34.26738739013672,34.267391204833984,0.5993720293045044,0.3873955011367798
single,Donald Trump,9,19,30.493896484375,30.493896484375,0.5803238153457642,0.34427711367607117
single,Donald Trump,10,0,37.64767074584961,37.647674560546875,0.5738980770111084,0.49320492148399353
single,Donald Trump,10,1,37.53007507324219,37.53007888793945,0.6672288775444031,0.5105147361755371
single,Donald Trump,10,2,31.491193771362305,31.491193771362305,0.6230243444442749,0.4689269959926605
single,Donald Trump,10,3,26.792903900146484,26.792903900146484,0.5650674104690552,0.406268447637558
single,Donald Trump,10,4,37.95012664794922,37.95012664794922,0.5734629034996033,0.48927778005599976
single,Donald Trump,10,5,38.48186492919922,38.48186492919922,0.6717321276664734,0.5056401491165161
single,Donald Trump,10,6,31.207075119018555,31.207075119018555,0.6246638298034668,0.46386075019836426
single,Donald Trump,10,7,26.06490135192871,26.064903259277344,0.5545568466186523,0.38254493474960327
single,Donald Trump,10,8,37.331214904785156,37.331214904785156,0.5684896111488342,0.4869537949562073
single,Donald Trump,10,9,41.97454071044922,41.97454071044922,0.7150711417198181,0.5265376567840576
single,Donald Trump,10,10,37.73345184326172,37.73345184326172,0.7079869508743286,0.5317115783691406
single,Donald Trump,10,11,31.087387084960938,31.087387084960938,0.6365074515342712,0.4515882730484009
single,Donald Trump,10,12,36.696739196777344,36.69674301147461,0.5609233379364014,0.4807162284851074
single,Donald Trump,10,13,34.468544006347656,34.468544006347656,0.6330835819244385,0.4797676205635071
single,Donald Trump,10,14,28.359298706054688,28.359298706054688,0.5780564546585083,0.42773550748825073
single,Donald Trump,10,15,23.50738525390625,23.50738525390625,0.5060735940933228,0.3438163995742798
single,Donald Trump,10,16,36.82023239135742,36.82023239135742,0.5720207691192627,0.48812755942344666
single,Donald Trump,10,17,38.56826400756836,38.56826400756836,0.6728692054748535,0.5086891055107117
single,Donald Trump,10,18,31.328397750854492,31.328399658203125,0.6074306964874268,0.43026798963546753
single,Donald Trump,10,19,28.04799461364746,28.04800033569336,0.578837513923645,0.38023754954338074
single,Donald Trump,11,0,38.964927673339844,38.96493148803711,0.5850380063056946,0.5026004314422607
single,Donald Trump,11,1,33.69399642944336,33.694000244140625,0.6165211200714111,0.4335150122642517
single,Donald Trump,11,2,27.3601131439209,27.3601131439209,0.563327431678772,0.3916962146759033
single,Donald Trump,11,3,23.553829193115234,23.553829193115234,0.5162637233734131,0.3314574658870697
single,Donald Trump,11,4,38.96521759033203,38.9652214050293,0.5788042545318604,0.49485206604003906
single,Donald Trump,11,5,34.70338439941406,34.70338439941406,0.622913122177124,0.4282517433166504
single,Donald Trump,11,6,27.141019821166992,27.141019821166992,0.5583500266075134,0.3838139474391937
single,Donald Trump,11,7,22.940338134765625,22.94034194946289,0.4927486777305603,0.309893935918808
single,Donald Trump,11,8,38.08722686767578,38.08723068237305,0.5739577412605286,0.4925619065761566
single,Donald Trump,11,9,39.0029411315918,39.0029411315918,0.6798685789108276,0.46073389053344727
single,Donald Trump,11,10,33.68864822387695,33.68865203857422,0.6527571082115173,0.4535592496395111
single,Donald Trump,11,11,28.972652435302734,28.972652435302734,0.6025818586349487,0.3792010545730591
single,Donald Trump,11,12,37.77763366699219,37.77763366699219,0.5666377544403076,0.4868737459182739
single,Donald Trump,11,13,31.974279403686523,31.974279403686523,0.5950891971588135,0.4205259680747986
single,Donald Trump,11,14,24.894123077392578,24.89412498474121,0.5168443918228149,0.3515786826610565
single,Donald Trump,11,15,20.68836784362793,20.68836784362793,0.4545012414455414,0.29126033186912537
single,Donald Trump,11,16,37.91532897949219,37.91532897949219,0.5776902437210083,0.4932519793510437
single,Donald Trump,11,17,35.62175750732422,35.62175750732422,0.6314057111740112,0.42793601751327515
single,Donald Trump,11,18,29.420589447021484,29.420591354370117,0.582360029220581,0.37627002596855164
single,Donald Trump,11,19,25.693647384643555,25.693647384643555,0.548778772354126,0.3439704179763794
single,Donald Trump,12,0,36.699378967285156,36.699378967285156,0.5551997423171997,0.48817309737205505
single,Donald Trump,12,1,33.477474212646484,33.477474212646484,0.6202614307403564,0.46203672885894775
single,Donald Trump,12,2,27.692535400390625,27.692535400390625,0.5778127908706665,0.42765718698501587
single,Donald Trump,12,3,23.354751586914062,23.354751586914062,0.520846962928772,0.3550739288330078
single,Donald Trump,12,4,36.941402435302734,36.941402435302734,0.5497771501541138,0.4826611876487732
single,Donald Trump,12,5,34.71186828613281,34.71186828613281,0.6363944411277771,0.4691234529018402
single,Donald Trump,12,6,27.217145919799805,27.217145919799805,0.5794093608856201,0.4267646074295044
single,Donald Trump,12,7,22.062803268432617,22.062803268432617,0.48838719725608826,0.32047924399375916
single,Donald Trump,12,8,36.05830001831055,36.05830383300781,0.545221209526062,0.4768851697444916
single,Donald Trump,12,9,37.75709533691406,37.75709915161133,0.6748403310775757,0.4907958507537842
single,Donald Trump,12,10,33.01588439941406,33.01588821411133,0.6586323380470276,0.4858376979827881
single,Donald Trump,12,11,27.87377166748047,27.87377166748047,0.5966951847076416,0.4006699025630951
single,Donald Trump,12,12,36.10626983642578,36.10626983642578,0.5421275496482849,0.4795815944671631
single,Donald Trump,12,13,30.940567016601562,30.940567016601562,0.5894763469696045,0.4331871271133423
single,Donald Trump,12,14,24.196308135986328,24.196308135986328,0.5216415524482727,0.3733102083206177
single,Donald Trump,12,15,20.00620460510254,20.006206512451172,0.45385417342185974,0.29266783595085144
single,Donald Trump,12,16,35.93502426147461,35.93502426147461,0.555733323097229,0.4878848195075989
single,Donald Trump,12,17,33.544822692871094,33.544822692871094,0.614556074142456,0.44592517614364624
single,Donald Trump,12,18,28.179494857788086,28.179494857788086,0.5637828707695007,0.37836337089538574
single,Donald Trump,12,19,24.998037338256836,24.998037338256836,0.5413515567779541,0.3457857072353363
single,Donald Trump,13,0,39.085121154785156,39.085121154785156,0.5646947026252747,0.49507057666778564
single,Donald Trump,13,1,32.2659797668457,32.2659797668457,0.5822749137878418,0.4162445664405823
single,Donald Trump,13,2,26.607654571533203,26.607654571533203,0.5364903211593628,0.38364943861961365
single,Donald Trump,13,3,22.831146240234375,22.83115005493164,0.49111270904541016,0.3291240334510803
single,Donald Trump,13,4,39.06379699707031,39.06379699707031,0.5552553534507751,0.4870120882987976
single,Donald Trump,13,5,32.77684783935547,32.77684783935547,0.5913472175598145,0.4234360456466675
single,Donald Trump,13,6,26.18366813659668,26.18366813659668,0.534625768661499,0.3805406987667084
single,Donald Trump,13,7,21.731351852416992,21.731351852416992,0.46577972173690796,0.30122697353363037
single,Donald Trump,13,8,37.59733200073242,37.59733200073242,0.5420832633972168,0.4739840030670166
single,Donald Trump,13,9,36.84063720703125,36.84063720703125,0.6390647888183594,0.4476371705532074
single,Donald Trump,13,10,31.52578353881836,31.52578353881836,0.6079644560813904,0.43570753931999207
single,Donald Trump,13,11,27.21184539794922,27.211849212646484,0.5691379308700562,0.38748013973236084
single,Donald Trump,13,12,37.863792419433594,37.863792419433594,0.5465470552444458,0.4765566289424896
single,Donald Trump,13,13,30.910877227783203,30.910879135131836,0.5537552237510681,0.39606189727783203
single,Donald Trump,13,14,23.789304733276367,23.789304733276367,0.4915812015533447,0.3455176055431366
single,Donald Trump,13,15,19.75127410888672,19.75127410888672,0.4394755959510803,0.2957359552383423
single,Donald Trump,13,16,38.16384506225586,38.16384506225586,0.5682236552238464,0.5001522302627563
single,Donald Trump,13,17,33.36723709106445,33.36723709106445,0.5895951986312866,0.4090650975704193
single,Donald Trump,13,18,29.210044860839844,29.21004867553711,0.5551738739013672,0.36167964339256287
single,Donald Trump,13,19,25.132619857788086,25.132619857788086,0.5278827548027039,0.3407284915447235
single,Donald Trump,14,0,37.462364196777344,37.462364196777344,0.5065082907676697,0.4483891725540161
single,Donald Trump,14,1,32.368568420410156,32.36857223510742,0.5527909994125366,0.42578619718551636
single,Donald Trump,14,2,26.288007736206055,26.288007736206055,0.5118284225463867,0.37143513560295105
single,Donald Trump,14,3,22.18008041381836,22.18008041381836,0.4665002226829529,0.31149405241012573
single,Donald Trump,14,4,37.550331115722656,37.550331115722656,0.5011563301086426,0.4407360553741455
single,Donald Trump,14,5,32.51743698120117,32.51743698120117,0.5543625354766846,0.4284806251525879
single,Donald Trump,14,6,25.581838607788086,25.58184051513672,0.5123991966247559,0.3693591058254242
single,Donald Trump,14,7,21.017589569091797,21.017589569091797,0.43444356322288513,0.28337642550468445
single,Donald Trump,14,8,36.38813781738281,36.38813781738281,0.4944540858268738,0.4359026849269867
single,Donald Trump,14,9,35.97221374511719,35.97221374511719,0.5897573232650757,0.4492214322090149
single,Donald Trump,14,10,29.936269760131836,29.936269760131836,0.5545415878295898,0.40064358711242676
single,Donald Trump,14,11,25.400854110717773,25.400854110717773,0.5087876319885254,0.3472614884376526
single,Donald Trump,14,12,36.244686126708984,36.244686126708984,0.4877150058746338,0.4290858209133148
single,Donald Trump,14,13,30.906391143798828,30.906391143798828,0.5183026790618896,0.3877973258495331
single,Donald Trump,14,14,23.275310516357422,23.275310516357422,0.46337971091270447,0.3326881527900696
single,Donald Trump,14,15,19.90389060974121,19.903892517089844,0.4222475290298462,0.28839701414108276
single,Donald Trump,14,16,36.46543884277344,36.46543884277344,0.5019201636314392,0.4429970979690552
single,Donald Trump,14,17,32.53044509887695,32.53044509887695,0.5498675107955933,0.4295542240142822
single,Donald Trump,14,18,27.70815658569336,27.70815658569336,0.5080029964447021,0.34634870290756226
single,Donald Trump,14,19,24.08138084411621,24.08138084411621,0.4779083728790283,0.31563523411750793
single,Donald Trump,15,0,37.98173522949219,37.98173522949219,0.495502233505249,0.41250818967819214
single,Donald Trump,15,1,33.774410247802734,33.7744140625,0.5381690263748169,0.34347444772720337
single,Donald Trump,15,2,27.97970962524414,27.979711532592773,0.5054255723953247,0.3239302337169647
single,Donald Trump,15,3,24.132766723632812,24.132766723632812,0.46945318579673767,0.2954763174057007
single,Donald Trump,15,4,38.161067962646484,38.161067962646484,0.4921078085899353,0.4058746099472046
single,Donald Trump,15,5,33.25347137451172,33.253475189208984,0.5339264273643494,0.3485676646232605
single,Donald Trump,15,6,27.718900680541992,27.718900680541992,0.512273907661438,0.3269067406654358
single,Donald Trump,15,7,21.631811141967773,21.631811141967773,0.4131038188934326,0.2700107991695404
single,Donald Trump,15,8,36.770118713378906,36.77012252807617,0.48046886920928955,0.3945338726043701
single,Donald Trump,15,9,37.06383514404297,37.06383514404297,0.5786298513412476,0.3747308850288391
single,Donald Trump,15,10,33.300506591796875,33.300506591796875,0.5750635862350464,0.37066251039505005
single,Donald Trump,15,11,26.800045013427734,26.800046920776367,0.49975642561912537,0.3180810809135437
single,Donald Trump,15,12,37.26630401611328,37.26630401611328,0.48438549041748047,0.3984084725379944
single,Donald Trump,15,13,31.73358726501465,31.73358726501465,0.5060319900512695,0.322632372379303
single,Donald Trump,15,14,23.656980514526367,23.656980514526367,0.44402429461479187,0.2805222272872925
single,Donald Trump,15,15,20.765804290771484,20.765804290771484,0.4126807451248169,0.2702505588531494
single,Donald Trump,15,16,36.760711669921875,36.76071548461914,0.49101921916007996,0.40824025869369507
single,Donald Trump,15,17,32.96599578857422,32.96599578857422,0.5199333429336548,0.3434748649597168
single,Donald Trump,15,18,28.4130859375,28.4130859375,0.49156856536865234,0.3214879333972931
single,Donald Trump,15,19,25.471296310424805,25.471298217773438,0.4720649719238281,0.3032771050930023
single,Donald Trump,16,0,36.654144287109375,36.654144287109375,0.4939437806606293,0.4031979441642761
single,Donald Trump,16,1,29.0105037689209,29.01050567626953,0.503325879573822,0.3443809151649475
single,Donald Trump,16,2,24.390804290771484,24.390804290771484,0.47902509570121765,0.33694493770599365
single,Donald Trump,16,3,19.592613220214844,19.592615127563477,0.4128001630306244,0.282595694065094
single,Donald Trump,16,4,37.06279754638672,37.062801361083984,0.4963611960411072,0.403606653213501
single,Donald Trump,16,5,29.858810424804688,29.858810424804688,0.5150518417358398,0.3543107509613037
single,Donald Trump,16,6,24.586997985839844,24.586997985839844,0.48491764068603516,0.33503076434135437
single,Donald Trump,16,7,18.8958740234375,18.8958740234375,0.38070210814476013,0.2578243911266327
single,Donald Trump,16,8,36.47349166870117,36.47349548339844,0.48894065618515015,0.39944106340408325
single,Donald Trump,16,9,32.64268493652344,32.64269256591797,0.546143651008606,0.37546151876449585
single,Donald Trump,16,10,28.909521102905273,28.909521102905273,0.5330617427825928,0.37299203872680664
single,Donald Trump,16,11,23.801284790039062,23.801284790039062,0.46183261275291443,0.30448541045188904
single,Donald Trump,16,12,35.90599060058594,35.90599060058594,0.48485130071640015,0.3838638663291931
single,Donald Trump,16,13,27.86823081970215,27.86823272705078,0.48190802335739136,0.3296394944190979
single,Donald Trump,16,14,20.532329559326172,20.532329559326172,0.4161750078201294,0.28614988923072815
single,Donald Trump,16,15,18.386775970458984,18.386777877807617,0.39252859354019165,0.2667980194091797
single,Donald Trump,16,16,35.8892822265625,35.88928985595703,0.49620455503463745,0.401752233505249
single,Donald Trump,16,17,28.745147705078125,28.745147705078125,0.4942300319671631,0.35197028517723083
single,Donald Trump,16,18,24.615163803100586,24.615163803100586,0.45765361189842224,0.31536221504211426
single,Donald Trump,16,19,22.805755615234375,22.805755615234375,0.4429643750190735,0.29259300231933594
single,Donald Trump,17,0,32.41482162475586,32.41482162475586,0.4908773899078369,0.403827041387558
single,Donald Trump,17,1,26.918392181396484,26.918392181396484,0.4725467562675476,0.3116893172264099
single,Donald Trump,17,2,22.474334716796875,22.474334716796875,0.4563214182853699,0.2963716983795166
single,Donald Trump,17,3,18.798789978027344,18.798789978027344,0.41125020384788513,0.24874070286750793
single,Donald Trump,17,4,32.87074279785156,32.87074279785156,0.4860912263393402,0.39966922998428345
single,Donald Trump,17,5,27.422338485717773,27.422338485717773,0.491452157497406,0.30458590388298035
single,Donald Trump,17,6,22.202377319335938,22.202377319335938,0.4192938804626465,0.3023250102996826
single,Donald Trump,17,7,18.600339889526367,18.600339889526367,0.36542022228240967,0.22752992808818817
single,Donald Trump,17,8,32.34133529663086,32.34133529663086,0.48731738328933716,0.4024394154548645
single,Donald Trump,17,9,31.21236801147461,31.21236801147461,0.5298981070518494,0.33591365814208984
single,Donald Trump,17,10,28.412885665893555,28.412885665893555,0.5171298384666443,0.3719087839126587
single,Donald Trump,17,11,23.37941551208496,23.37941551208496,0.45718860626220703,0.28727978467941284
single,Donald Trump,17,12,31.482666015625,31.482666015625,0.47696706652641296,0.3833729028701782
single,Donald Trump,17,13,25.57929229736328,25.579296112060547,0.45048803091049194,0.29749423265457153
single,Donald Trump,17,14,18.73396873474121,18.73396873474121,0.3933541476726532,0.24921368062496185
single,Donald Trump,17,15,16.914451599121094,16.914451599121094,0.370762437582016,0.24259838461875916
single,Donald Trump,17,16,32.10564422607422,32.10564422607422,0.4886711835861206,0.4077247977256775
single,Donald Trump,17,17,27.609037399291992,27.609037399291992,0.47079038619995117,0.3205263614654541
single,Donald Trump,17,18,23.169139862060547,23.169139862060547,0.4518895149230957,0.2845158576965332
single,Donald Trump,17,19,22.521812438964844,22.521812438964844,0.4316616952419281,0.27727454900741577
single,Donald Trump,18,0,26.761960983276367,26.761960983276367,0.47209733724594116,0.36126744747161865
single,Donald Trump,18,1,23.087509155273438,23.087512969970703,0.4744190573692322,0.32765161991119385
single,Donald Trump,18,2,20.27652359008789,20.27652359008789,0.48613235354423523,0.3182593584060669
single,Donald Trump,18,3,16.128185272216797,16.128185272216797,0.4055720269680023,0.2513878047466278
single,Donald Trump,18,4,27.62067413330078,27.62067413330078,0.4793228805065155,0.35553085803985596
single,Donald Trump,18,5,24.226118087768555,24.226118087768555,0.5098358988761902,0.3429434895515442
single,Donald Trump,18,6,19.028112411499023,19.028112411499023,0.44553548097610474,0.3098311722278595
single,Donald Trump,18,7,17.6024169921875,17.6024169921875,0.40446385741233826,0.25936561822891235
single,Donald Trump,18,8,26.496015548706055,26.496015548706055,0.47373414039611816,0.3588373363018036
single,Donald Trump,18,9,26.569814682006836,26.569814682006836,0.5350632667541504,0.3755161762237549
single,Donald Trump,18,10,24.825599670410156,24.825599670410156,0.5225843787193298,0.37376508116722107
single,Donald Trump,18,11,21.892494201660156,21.892498016357422,0.47762519121170044,0.3008613586425781
single,Donald Trump,18,12,25.800037384033203,25.800037384033203,0.45376333594322205,0.33321332931518555
single,Donald Trump,18,13,22.191055297851562,22.191055297851562,0.45625197887420654,0.30700165033340454
single,Donald Trump,18,14,16.362743377685547,16.362743377685547,0.4044780135154724,0.264032781124115
single,Donald Trump,18,15,15.321864128112793,15.321864128112793,0.3868698477745056,0.2578732669353485
single,Donald Trump,18,16,28.501148223876953,28.501150131225586,0.49131688475608826,0.37454044818878174
single,Donald Trump,18,17,24.940135955810547,24.940135955810547,0.4896663427352905,0.3470281958580017
single,Donald Trump,18,18,20.674793243408203,20.674795150756836,0.45649632811546326,0.3077244758605957
single,Donald Trump,18,19,22.401172637939453,22.401174545288086,0.48084068298339844,0.3039080798625946
single,Donald Trump,19,0,24.396846771240234,24.396848678588867,0.4813857972621918,0.3781397342681885
single,Donald Trump,19,1,20.061046600341797,20.061046600341797,0.457988977432251,0.3038375675678253
single,Donald Trump,19,2,17.402183532714844,17.402183532714844,0.45113372802734375,0.28898534178733826
single,Donald Trump,19,3,15.044431686401367,15.044432640075684,0.40154117345809937,0.24151703715324402
single,Donald Trump,19,4,25.17774772644043,25.17774772644043,0.4861375689506531,0.37486979365348816
single,Donald Trump,19,5,21.183212280273438,21.183216094970703,0.48469752073287964,0.31635910272598267
single,Donald Trump,19,6,17.161344528198242,17.161344528198242,0.4294615685939789,0.2992688715457916
single,Donald Trump,19,7,16.224523544311523,16.224525451660156,0.3923966586589813,0.24464261531829834
single,Donald Trump,19,8,23.71426010131836,23.71426010131836,0.4735000729560852,0.36658191680908203
single,Donald Trump,19,9,23.726280212402344,23.726280212402344,0.5104818344116211,0.3308156430721283
single,Donald Trump,19,10,22.057065963745117,22.057065963745117,0.5016297101974487,0.36470192670822144
single,Donald Trump,19,11,20.024784088134766,20.0247859954834,0.47045907378196716,0.3044779300689697
single,Donald Trump,19,12,24.690147399902344,24.690147399902344,0.4704246520996094,0.3572089672088623
single,Donald Trump,19,13,20.417943954467773,20.417945861816406,0.4442406892776489,0.2840763032436371
single,Donald Trump,19,14,14.439215660095215,14.439215660095215,0.37589412927627563,0.2479827105998993
single,Donald Trump,19,15,15.128986358642578,15.128988265991211,0.3900832533836365,0.24343860149383545
single,Donald Trump,19,16,25.33625030517578,25.33625030517578,0.486132949590683,0.3841593265533447
single,Donald Trump,19,17,21.409015655517578,21.40901756286621,0.4571419656276703,0.3046831786632538
single,Donald Trump,19,18,19.484222412109375,19.484222412109375,0.4718587398529053,0.31407254934310913
single,Donald Trump,19,19,20.836795806884766,20.8367977142334,0.48555657267570496,0.31496697664260864
single,Donald Trump,20,0,24.734716415405273,24.734718322753906,0.4806104600429535,0.39845705032348633
single,Donald Trump,20,1,20.59491729736328,20.594921112060547,0.4513480067253113,0.2831641435623169
single,Donald Trump,20,2,18.437026977539062,18.437026977539062,0.4562639594078064,0.27776217460632324
single,Donald Trump,20,3,15.50367259979248,15.50367259979248,0.3977774977684021,0.2493222951889038
single,Donald Trump,20,4,25.784183502197266,25.7841796875,0.4844001233577728,0.40315091609954834
single,Donald Trump,20,5,21.09503746032715,21.09503936767578,0.4652687907218933,0.28771984577178955
single,Donald Trump,20,6,18.053987503051758,18.05398941040039,0.43166384100914,0.2857508659362793
single,Donald Trump,20,7,17.121580123901367,17.121580123901367,0.38632771372795105,0.2456119954586029
single,Donald Trump,20,8,24.628185272216797,24.628185272216797,0.4709988236427307,0.3948436379432678
single,Donald Trump,20,9,23.675687789916992,23.675687789916992,0.4957493245601654,0.31894761323928833
single,Donald Trump,20,10,23.977399826049805,23.977399826049805,0.49114951491355896,0.3233092725276947
single,Donald Trump,20,11,21.20950698852539,21.209508895874023,0.4494912028312683,0.2889834940433502
single,Donald Trump,20,12,24.108322143554688,24.108325958251953,0.4535008370876312,0.37216076254844666
single,Donald Trump,20,13,20.87714195251465,20.87714195251465,0.44655174016952515,0.27463600039482117
single,Donald Trump,20,14,14.95366096496582,14.95366096496582,0.37839245796203613,0.2369045913219452
single,Donald Trump,20,15,15.330950736999512,15.330950736999512,0.3787568509578705,0.23867854475975037
single,Donald Trump,20,16,25.70291519165039,25.70291519165039,0.4726508855819702,0.391642689704895
single,Donald Trump,20,17,21.997901916503906,21.997905731201172,0.4503706693649292,0.29288145899772644
single,Donald Trump,20,18,20.151397705078125,20.151397705078125,0.4557224214076996,0.2900790870189667
single,Donald Trump,20,19,21.47028923034668,21.47028923034668,0.45794886350631714,0.2877233624458313
single,Donald Trump,21,0,19.129636764526367,19.129636764526367,0.4319723844528198,0.3659811019897461
single,Donald Trump,21,1,17.310453414916992,17.310453414916992,0.41588589549064636,0.2921958863735199
single,Donald Trump,21,2,16.921810150146484,16.921812057495117,0.4340629279613495,0.3081696927547455
single,Donald Trump,21,3,14.246504783630371,14.246504783630371,0.3819921612739563,0.25921711325645447
single,Donald Trump,21,4,19.76177215576172,19.761775970458984,0.4306790828704834,0.36373376846313477
single,Donald Trump,21,5,20.369443893432617,20.369443893432617,0.47338852286338806,0.3296852707862854
single,Donald Trump,21,6,17.638729095458984,17.638729095458984,0.43049460649490356,0.29918062686920166
single,Donald Trump,21,7,17.34414291381836,17.34414291381836,0.38963326811790466,0.2472240924835205
single,Donald Trump,21,8,19.163738250732422,19.163738250732422,0.4219207763671875,0.3630353808403015
single,Donald Trump,21,9,21.466947555541992,21.466949462890625,0.46638059616088867,0.3339255452156067
single,Donald Trump,21,10,22.486412048339844,22.48641586303711,0.45557039976119995,0.32141387462615967
single,Donald Trump,21,11,20.62092399597168,20.62092399597168,0.42900413274765015,0.27421483397483826
single,Donald Trump,21,12,19.231403350830078,19.231403350830078,0.4161778390407562,0.3510069251060486
single,Donald Trump,21,13,18.220958709716797,18.22096061706543,0.423822820186615,0.2879839241504669
single,Donald Trump,21,14,12.737391471862793,12.737391471862793,0.3511161208152771,0.2474171370267868
single,Donald Trump,21,15,13.275716781616211,13.275716781616211,0.34940680861473083,0.2233750820159912
single,Donald Trump,21,16,20.830026626586914,20.830028533935547,0.4399036765098572,0.37290462851524353
single,Donald Trump,21,17,19.747447967529297,19.747447967529297,0.42850643396377563,0.3065246343612671
single,Donald Trump,21,18,17.772945404052734,17.772945404052734,0.4331938922405243,0.2944241762161255
single,Donald Trump,21,19,21.49456787109375,21.49456787109375,0.4520530104637146,0.28200221061706543
single,Donald Trump,22,0,18.874420166015625,18.874420166015625,0.459322452545166,0.37902265787124634
single,Donald Trump,22,1,16.152816772460938,16.152816772460938,0.41867154836654663,0.29054689407348633
single,Donald Trump,22,2,15.413259506225586,15.413259506225586,0.427879273891449,0.29047083854675293
single,Donald Trump,22,3,12.93946361541748,12.93946361541748,0.38547849655151367,0.26259905099868774
single,Donald Trump,22,4,19.36078643798828,19.360790252685547,0.4509735107421875,0.37010127305984497
single,Donald Trump,22,5,18.838294982910156,18.838294982910156,0.4596659541130066,0.3157269358634949
single,Donald Trump,22,6,16.820682525634766,16.820682525634766,0.4220063090324402,0.3207460641860962
single,Donald Trump,22,7,15.97203254699707,15.972033500671387,0.3764749765396118,0.2556586265563965
single,Donald Trump,22,8,18.831897735595703,18.831897735595703,0.4416603446006775,0.3683241307735443
single,Donald Trump,22,9,22.353515625,22.353515625,0.49401766061782837,0.34222882986068726
single,Donald Trump,22,10,22.8067626953125,22.8067626953125,0.4815939664840698,0.35277509689331055
single,Donald Trump,22,11,20.720962524414062,20.720962524414062,0.45148730278015137,0.2968868911266327
single,Donald Trump,22,12,18.159400939941406,18.159399032592773,0.4269521236419678,0.34999847412109375
single,Donald Trump,22,13,16.221595764160156,16.221595764160156,0.4044627845287323,0.2822043299674988
single,Donald Trump,22,14,11.706247329711914,11.70624828338623,0.35311436653137207,0.25050783157348633
single,Donald Trump,22,15,12.980451583862305,12.980451583862305,0.36061614751815796,0.2461470067501068
single,Donald Trump,22,16,19.77379608154297,19.77379608154297,0.4482581615447998,0.3803189992904663
single,Donald Trump,22,17,18.01190185546875,18.01190185546875,0.42943310737609863,0.30433890223503113
single,Donald Trump,22,18,15.663249015808105,15.663251876831055,0.43152767419815063,0.3155533969402313
single,Donald Trump,22,19,19.94774055480957,19.947742462158203,0.4520464837551117,0.3017846941947937
single,Donald Trump,23,0,18.347679138183594,18.347679138183594,0.42680686712265015,0.3577679395675659
single,Donald Trump,23,1,20.031421661376953,20.031423568725586,0.40862149000167847,0.28215181827545166
single,Donald Trump,23,2,17.909847259521484,17.909847259521484,0.3829948604106903,0.28395724296569824
single,Donald Trump,23,3,14.459094047546387,14.459094047546387,0.3357113301753998,0.24947449564933777
single,Donald Trump,23,4,18.973913192749023,18.973913192749023,0.42136478424072266,0.35377952456474304
single,Donald Trump,23,5,21.81134033203125,21.81134033203125,0.4148196578025818,0.27608466148376465
single,Donald Trump,23,6,18.617916107177734,18.617916107177734,0.35562700033187866,0.2783830761909485
single,Donald Trump,23,7,17.866798400878906,17.866798400878906,0.3354172706604004,0.23154491186141968
single,Donald Trump,23,8,18.678882598876953,18.678882598876953,0.4049346446990967,0.3392479419708252
single,Donald Trump,23,9,25.47586441040039,25.47586441040039,0.44667720794677734,0.3085911273956299
single,Donald Trump,23,10,25.218429565429688,25.218429565429688,0.424857497215271,0.3047821521759033
single,Donald Trump,23,11,22.60664176940918,22.606643676757812,0.38978680968284607,0.2544534206390381
single,Donald Trump,23,12,18.109643936157227,18.10964584350586,0.40621817111968994,0.3355487287044525
single,Donald Trump,23,13,20.840309143066406,20.840309143066406,0.408488005399704,0.2854435443878174
single,Donald Trump,23,14,14.377119064331055,14.377120018005371,0.34296226501464844,0.2703203558921814
single,Donald Trump,23,15,16.099536895751953,16.099536895751953,0.34649893641471863,0.26305800676345825
single,Donald Trump,23,16,19.769275665283203,19.769277572631836,0.41645321249961853,0.3513818681240082
single,Donald Trump,23,17,22.59081268310547,22.590816497802734,0.43743252754211426,0.31688255071640015
single,Donald Trump,23,18,18.016300201416016,18.016300201416016,0.40032777190208435,0.2864689528942108
single,Donald Trump,23,19,21.78937339782715,21.78937339782715,0.39207586646080017,0.24163350462913513
single,Donald Trump,24,0,17.90585708618164,17.90585708618164,0.4101383686065674,0.351001501083374
single,Donald Trump,24,1,20.459203720092773,20.459203720092773,0.3952506184577942,0.26729345321655273
single,Donald Trump,24,2,18.17542839050293,18.17542839050293,0.3770553767681122,0.25062867999076843
single,Donald Trump,24,3,15.755487442016602,15.755487442016602,0.35144922137260437,0.2265506386756897
single,Donald Trump,24,4,18.67941665649414,18.67941665649414,0.4178031086921692,0.35163792967796326
single,Donald Trump,24,5,22.401668548583984,22.401668548583984,0.40426716208457947,0.2671845257282257
single,Donald Trump,24,6,16.616191864013672,16.616191864013672,0.3177025020122528,0.20691810548305511
single,Donald Trump,24,7,18.401195526123047,18.401195526123047,0.3270462453365326,0.20578829944133759
single,Donald Trump,24,8,18.115352630615234,18.115352630615234,0.3978584408760071,0.33600538969039917
single,Donald Trump,24,9,27.385366439819336,27.385366439819336,0.4426247775554657,0.29799947142601013
single,Donald Trump,24,10,28.483959197998047,28.48396110534668,0.4259047210216522,0.28588131070137024
single,Donald Trump,24,11,27.018529891967773,27.018529891967773,0.41319483518600464,0.2618676424026489
single,Donald Trump,24,12,17.651838302612305,17.651838302612305,0.39248067140579224,0.3370175361633301
single,Donald Trump,24,13,17.805192947387695,17.805192947387695,0.34434545040130615,0.24699777364730835
single,Donald Trump,24,14,11.785540580749512,11.785540580749512,0.29036664962768555,0.20181521773338318
single,Donald Trump,24,15,15.362276077270508,15.362277030944824,0.31986644864082336,0.21831783652305603
single,Donald Trump,24,16,19.337909698486328,19.337909698486328,0.41235780715942383,0.35373950004577637
single,Donald Trump,24,17,24.05768394470215,24.05768394470215,0.43091845512390137,0.29946285486221313
single,Donald Trump,24,18,19.144346237182617,19.14434814453125,0.40139755606651306,0.26816439628601074
single,Donald Trump,24,19,25.67275619506836,25.67275619506836,0.41955190896987915,0.26577335596084595
single,Donald Trump,25,0,18.908435821533203,18.908435821533203,0.445978581905365,0.38761448860168457
single,Donald Trump,25,1,22.2292537689209,22.2292537689209,0.42258667945861816,0.2951618731021881
single,Donald Trump,25,2,21.754180908203125,21.754180908203125,0.42981061339378357,0.32504189014434814
single,Donald Trump,25,3,19.862545013427734,19.862545013427734,0.4038867950439453,0.29167240858078003
single,Donald Trump,25,4,19.62984848022461,19.62984848022461,0.43394145369529724,0.37451133131980896
single,Donald Trump,25,5,24.917919158935547,24.917919158935547,0.4401400089263916,0.30997511744499207
single,Donald Trump,25,6,20.851469039916992,20.851469039916992,0.37910813093185425,0.27200374007225037
single,Donald Trump,25,7,23.547496795654297,23.547496795654297,0.38500988483428955,0.2661142349243164
single,Donald Trump,25,8,19.982229232788086,19.982229232788086,0.4360024631023407,0.3769753873348236
single,Donald Trump,25,9,32.17301940917969,32.17301940917969,0.5008904337882996,0.3411918580532074
single,Donald Trump,25,10,33.908870697021484,33.90887451171875,0.49213433265686035,0.3251262605190277
single,Donald Trump,25,11,31.24521255493164,31.24521255493164,0.4712533950805664,0.29774266481399536
single,Donald Trump,25,12,18.76788902282715,18.76788902282715,0.4114970862865448,0.3511773347854614
single,Donald Trump,25,13,20.024112701416016,20.024112701416016,0.37641438841819763,0.2799719572067261
single,Donald Trump,25,14,17.8316650390625,17.8316650390625,0.37022989988327026,0.27040112018585205
single,Donald Trump,25,15,20.163984298706055,20.163984298706055,0.3794425427913666,0.27638429403305054
single,Donald Trump,25,16,21.09987449645996,21.09987449645996,0.43672847747802734,0.37447232007980347
single,Donald Trump,25,17,27.30714988708496,27.30714988708496,0.4654483199119568,0.3303796947002411
single,Donald Trump,25,18,24.82784652709961,24.82784652709961,0.4780944287776947,0.3411659896373749
single,Donald Trump,25,19,30.32558822631836,30.32558822631836,0.47340115904808044,0.29406818747520447
single,Donald Trump,26,0,18.76593780517578,18.76593780517578,0.412397563457489,0.3562189042568207
single,Donald Trump,26,1,17.450550079345703,17.450550079345703,0.36521977186203003,0.26484596729278564
single,Donald Trump,26,2,16.744220733642578,16.744220733642578,0.3739869296550751,0.257419228553772
single,Donald Trump,26,3,14.726241111755371,14.726242065429688,0.33894652128219604,0.21101878583431244
single,Donald Trump,26,4,19.556005477905273,19.556005477905273,0.4174761176109314,0.36261841654777527
single,Donald Trump,26,5,19.693191528320312,19.693191528320312,0.3904169797897339,0.2800937294960022
single,Donald Trump,26,6,15.566337585449219,15.566337585449219,0.33296990394592285,0.23183417320251465
single,Donald Trump,26,7,17.45116424560547,17.45116424560547,0.3310486972332001,0.21591803431510925
single,Donald Trump,26,8,19.6959285736084,19.6959285736084,0.41405099630355835,0.3668539226055145
single,Donald Trump,26,9,27.160079956054688,27.160079956054688,0.4574217200279236,0.35845619440078735
single,Donald Trump,26,10,29.211441040039062,29.211441040039062,0.4787580370903015,0.36534571647644043
single,Donald Trump,26,11,26.340139389038086,26.340139389038086,0.45808514952659607,0.33855658769607544
single,Donald Trump,26,12,18.1572265625,18.157228469848633,0.3901165723800659,0.33485203981399536
single,Donald Trump,26,13,15.632506370544434,15.63250732421875,0.3215327262878418,0.22560331225395203
single,Donald Trump,26,14,12.666112899780273,12.666112899780273,0.300275981426239,0.19715039432048798
single,Donald Trump,26,15,13.986705780029297,13.98670768737793,0.3068206012248993,0.19549599289894104
single,Donald Trump,26,16,19.518451690673828,19.518451690673828,0.4103291928768158,0.3548141121864319
single,Donald Trump,26,17,23.349044799804688,23.349044799804688,0.440984308719635,0.33211633563041687
single,Donald Trump,26,18,21.652618408203125,21.652618408203125,0.4594239592552185,0.32786664366722107
single,Donald Trump,26,19,25.250181198120117,25.250181198120117,0.45050591230392456,0.32684025168418884
single,Donald Trump,27,0,18.22167205810547,18.22167205810547,0.4319031238555908,0.38260698318481445
single,Donald Trump,27,1,19.156753540039062,19.156755447387695,0.39805492758750916,0.2825225591659546
single,Donald Trump,27,2,16.338987350463867,16.3389892578125,0.3757970929145813,0.2616141438484192
single,Donald Trump,27,3,14.566069602966309,14.566069602966309,0.34855741262435913,0.22337155044078827
single,Donald Trump,27,4,19.896007537841797,19.896007537841797,0.449288934469223,0.3801659941673279
single,Donald Trump,27,5,20.450529098510742,20.450529098510742,0.41181811690330505,0.2877294719219208
single,Donald Trump,27,6,15.561667442321777,15.561667442321777,0.34718868136405945,0.2463562935590744
single,Donald Trump,27,7,16.796232223510742,16.796232223510742,0.3341209888458252,0.21861951053142548
single,Donald Trump,27,8,19.283061981201172,19.283061981201172,0.45928406715393066,0.40989989042282104
single,Donald Trump,27,9,26.6632137298584,26.6632137298584,0.467550128698349,0.350097119808197
single,Donald Trump,27,10,26.421676635742188,26.421680450439453,0.45572394132614136,0.3263508677482605
single,Donald Trump,27,11,24.596725463867188,24.596725463867188,0.45019111037254333,0.3058255612850189
single,Donald Trump,27,12,18.82556915283203,18.82556915283203,0.4180062711238861,0.3538314998149872
single,Donald Trump,27,13,18.20293426513672,18.20293426513672,0.36900317668914795,0.26266342401504517
single,Donald Trump,27,14,12.768304824829102,12.768305778503418,0.3096083998680115,0.21425704658031464
single,Donald Trump,27,15,13.183420181274414,13.183420181274414,0.3186242878437042,0.22112594544887543
single,Donald Trump,27,16,20.547056198120117,20.547056198120117,0.45443588495254517,0.38115280866622925
single,Donald Trump,27,17,23.063720703125,23.063720703125,0.4530722498893738,0.3328195810317993
single,Donald Trump,27,18,20.000816345214844,20.000816345214844,0.4457695484161377,0.30764642357826233
single,Donald Trump,27,19,23.338315963745117,23.338315963745117,0.44019120931625366,0.2942492365837097
single,Donald Trump,28,0,18.74762725830078,18.74762725830078,0.4261830747127533,0.3856843113899231
single,Donald Trump,28,1,19.992258071899414,19.99225616455078,0.41700607538223267,0.31161198019981384
single,Donald Trump,28,2,16.516284942626953,16.516284942626953,0.4064292907714844,0.28910839557647705
single,Donald Trump,28,3,15.569831848144531,15.569831848144531,0.397406667470932,0.26193100214004517
single,Donald Trump,28,4,20.33121109008789,20.33121109008789,0.4404188096523285,0.3894643783569336
single,Donald Trump,28,5,20.660785675048828,20.660785675048828,0.4317281246185303,0.30780190229415894
single,Donald Trump,28,6,15.477540969848633,15.47754192352295,0.3808514475822449,0.27222126722335815
single,Donald Trump,28,7,16.934328079223633,16.934326171875,0.3739168047904968,0.25727033615112305
single,Donald Trump,28,8,19.249845504760742,19.249845504760742,0.43524718284606934,0.39590948820114136
single,Donald Trump,28,9,26.343978881835938,26.343978881835938,0.49370068311691284,0.378689706325531
single,Donald Trump,28,10,24.860515594482422,24.860515594482422,0.4770861566066742,0.3508070707321167
single,Donald Trump,28,11,23.49908447265625,23.49908447265625,0.48085975646972656,0.34090524911880493
single,Donald Trump,28,12,19.05724334716797,19.05724334716797,0.41401559114456177,0.3692217767238617
single,Donald Trump,28,13,17.15799331665039,17.15799331665039,0.3797430992126465,0.26221510767936707
single,Donald Trump,28,14,12.715774536132812,12.715773582458496,0.3337724804878235,0.24461190402507782
single,Donald Trump,28,15,14.321233749389648,14.321233749389648,0.3604995906352997,0.26084470748901367
single,Donald Trump,28,16,20.188232421875,20.188232421875,0.4432224631309509,0.3934832215309143
single,Donald Trump,28,17,24.507400512695312,24.50739860534668,0.4969514310359955,0.37236544489860535
single,Donald Trump,28,18,20.84149932861328,20.84149932861328,0.47743409872055054,0.34196728467941284
single,Donald Trump,28,19,23.9071102142334,23.9071102142334,0.4769136309623718,0.33174246549606323
single,Donald Trump,29,0,18.524311065673828,18.524311065673828,0.42786484956741333,0.36941760778427124
single,Donald Trump,29,1,19.398229598999023,19.39822769165039,0.39876219630241394,0.2884691655635834
single,Donald Trump,29,2,16.192333221435547,16.192333221435547,0.40026283264160156,0.2853938341140747
single,Donald Trump,29,3,15.989013671875,15.989013671875,0.40828752517700195,0.2674972116947174
single,Donald Trump,29,4,20.525068283081055,20.525068283081055,0.45538949966430664,0.3957183361053467
single,Donald Trump,29,5,19.272502899169922,19.272502899169922,0.4064408540725708,0.28437310457229614
single,Donald Trump,29,6,15.537054061889648,15.537054061889648,0.3886886537075043,0.2762303948402405
single,Donald Trump,29,7,17.12387466430664,17.12387466430664,0.38935455679893494,0.2652994692325592
single,Donald Trump,29,8,19.37790298461914,19.37790298461914,0.4440769851207733,0.3859727382659912
single,Donald Trump,29,9,25.07379913330078,25.073802947998047,0.47570306062698364,0.3407776355743408
single,Donald Trump,29,10,24.207279205322266,24.2072811126709,0.474977970123291,0.3311123251914978
single,Donald Trump,29,11,22.02412986755371,22.024131774902344,0.46723711490631104,0.3225082457065582
single,Donald Trump,29,12,19.830352783203125,19.830352783203125,0.42153477668762207,0.35320088267326355
single,Donald Trump,29,13,17.35657501220703,17.35657501220703,0.36892303824424744,0.261504590511322
single,Donald Trump,29,14,12.28765869140625,12.28765869140625,0.31102392077445984,0.22085654735565186
single,Donald Trump,29,15,13.772510528564453,13.772510528564453,0.35204169154167175,0.2358711212873459
single,Donald Trump,29,16,21.230628967285156,21.230628967285156,0.4415214955806732,0.3663249611854553
single,Donald Trump,29,17,23.553152084350586,23.553152084350586,0.4742845892906189,0.3317599892616272
single,Donald Trump,29,18,19.32657241821289,19.32657241821289,0.4495506286621094,0.3211991786956787
single,Donald Trump,29,19,21.17137908935547,21.17137908935547,0.44628459215164185,0.2963160276412964
single,Donald Trump,30,0,18.489215850830078,18.489215850830078,0.42541974782943726,0.3452167510986328
single,Donald Trump,30,1,21.914169311523438,21.914169311523438,0.4148751199245453,0.31328433752059937
single,Donald Trump,30,2,18.838214874267578,18.838214874267578,0.4178360402584076,0.31170976161956787
single,Donald Trump,30,3,18.002683639526367,18.002683639526367,0.40776562690734863,0.27377068996429443
single,Donald Trump,30,4,19.80450439453125,19.80450439453125,0.43861520290374756,0.3651280999183655
single,Donald Trump,30,5,22.763952255249023,22.763952255249023,0.43148788809776306,0.33366259932518005
single,Donald Trump,30,6,18.099119186401367,18.099119186401367,0.4041318893432617,0.3088047504425049
single,Donald Trump,30,7,20.42401695251465,20.42401695251465,0.41183751821517944,0.28340277075767517
single,Donald Trump,30,8,20.04155731201172,20.04155731201172,0.44975146651268005,0.3728306293487549
single,Donald Trump,30,9,27.739124298095703,27.739124298095703,0.47203129529953003,0.3738715350627899
single,Donald Trump,30,10,28.222745895385742,28.222747802734375,0.4752926230430603,0.34345102310180664
single,Donald Trump,30,11,26.995168685913086,26.995168685913086,0.4901936650276184,0.330069363117218
single,Donald Trump,30,12,19.033109664916992,19.033109664916992,0.40663790702819824,0.32533207535743713
single,Donald Trump,30,13,19.508094787597656,19.508094787597656,0.3838375508785248,0.2999427616596222
single,Donald Trump,30,14,15.545896530151367,15.545896530151367,0.352508008480072,0.2684054970741272
single,Donald Trump,30,15,15.648391723632812,15.648394584655762,0.3604452610015869,0.24810537695884705
single,Donald Trump,30,16,20.74738121032715,20.74738311767578,0.4279289245605469,0.3511657416820526
single,Donald Trump,30,17,25.126537322998047,25.126537322998047,0.47005605697631836,0.37719500064849854
single,Donald Trump,30,18,23.8685302734375,23.868534088134766,0.4802563786506653,0.37410005927085876
single,Donald Trump,30,19,28.462339401245117,28.462339401245117,0.4992139935493469,0.3488456606864929
single,Donald Trump,31,0,18.28517723083496,18.28517723083496,0.4184671640396118,0.36841922998428345
single,Donald Trump,31,1,23.094970703125,23.094970703125,0.3966390788555145,0.3061758279800415
single,Donald Trump,31,2,18.467025756835938,18.467025756835938,0.3843112587928772,0.2903941571712494
single,Donald Trump,31,3,17.74985122680664,17.74985122680664,0.3753882348537445,0.25912415981292725
single,Donald Trump,31,4,20.633974075317383,20.633975982666016,0.4328164756298065,0.3725799322128296
single,Donald Trump,31,5,24.6033935546875,24.6033935546875,0.42258962988853455,0.3251130282878876
single,Donald Trump,31,6,18.352956771850586,18.352956771850586,0.37781381607055664,0.2807682156562805
single,Donald Trump,31,7,20.77558135986328,20.77558135986328,0.3818746507167816,0.2594967484474182
single,Donald Trump,31,8,19.5014591217041,19.5014591217041,0.43916386365890503,0.3883379101753235
single,Donald Trump,31,9,29.072338104248047,29.072338104248047,0.4623720049858093,0.3724904954433441
single,Donald Trump,31,10,28.334163665771484,28.334163665771484,0.4504320025444031,0.3345192074775696
single,Donald Trump,31,11,26.40084457397461,26.40084457397461,0.4565912187099457,0.30145832896232605
single,Donald Trump,31,12,19.66456413269043,19.66456413269043,0.4006825387477875,0.341488778591156
single,Donald Trump,31,13,22.34181785583496,22.34181785583496,0.3888572156429291,0.2877216041088104
single,Donald Trump,31,14,16.502761840820312,16.502761840820312,0.34924471378326416,0.2560705542564392
single,Donald Trump,31,15,16.328458786010742,16.328460693359375,0.35303163528442383,0.24925044178962708
single,Donald Trump,31,16,20.721446990966797,20.721446990966797,0.4251655042171478,0.36027535796165466
single,Donald Trump,31,17,25.69998550415039,25.699981689453125,0.4461798071861267,0.34401869773864746
single,Donald Trump,31,18,23.405288696289062,23.405288696289062,0.4493862986564636,0.36062902212142944
single,Donald Trump,31,19,27.13045310974121,27.13045310974121,0.44881075620651245,0.2990468144416809
single,Donald Trump,32,0,20.88227081298828,20.88227081298828,0.44029268622398376,0.38969314098358154
single,Donald Trump,32,1,22.568992614746094,22.568992614746094,0.3730536103248596,0.26326724886894226
single,Donald Trump,32,2,17.53882598876953,17.53882598876953,0.35613441467285156,0.25405046343803406
single,Donald Trump,32,3,20.098970413208008,20.098970413208008,0.4166465699672699,0.2770741581916809
single,Donald Trump,32,4,24.70253562927246,24.70253562927246,0.49120330810546875,0.422062486410141
single,Donald Trump,32,5,23.60873794555664,23.608739852905273,0.40246424078941345,0.2792396545410156
single,Donald Trump,32,6,17.301591873168945,17.301591873168945,0.36308085918426514,0.263858437538147
single,Donald Trump,32,7,20.838909149169922,20.838909149169922,0.3764563500881195,0.23230883479118347
single,Donald Trump,32,8,23.30129623413086,23.30129623413086,0.4808677136898041,0.4244934916496277
single,Donald Trump,32,9,28.169620513916016,28.169620513916016,0.4355502128601074,0.31187474727630615
single,Donald Trump,32,10,27.4895076751709,27.4895076751709,0.42205867171287537,0.28183338046073914
single,Donald Trump,32,11,27.528295516967773,27.528297424316406,0.4590364694595337,0.30068400502204895
single,Donald Trump,32,12,23.25812339782715,23.25812339782715,0.43897849321365356,0.37303757667541504
single,Donald Trump,32,13,18.361621856689453,18.361621856689453,0.31879258155822754,0.21244391798973083
single,Donald Trump,32,14,15.649330139160156,15.649332046508789,0.32964667677879333,0.2397201508283615
single,Donald Trump,32,15,19.841136932373047,19.841136932373047,0.4107939600944519,0.28257545828819275
single,Donald Trump,32,16,24.468671798706055,24.468673706054688,0.46489495038986206,0.4077739715576172
single,Donald Trump,32,17,26.00006103515625,26.00006103515625,0.4550507962703705,0.344818115234375
single,Donald Trump,32,18,28.30880355834961,28.30880355834961,0.5261354446411133,0.3802543580532074
single,Donald Trump,32,19,28.932010650634766,28.932010650634766,0.46987998485565186,0.31296801567077637
single,Donald Trump,33,0,22.170751571655273,22.170751571655273,0.4983156621456146,0.4214809536933899
single,Donald Trump,33,1,23.480419158935547,23.480419158935547,0.38400208950042725,0.27535784244537354
single,Donald Trump,33,2,21.88619613647461,21.886198043823242,0.41727471351623535,0.2734150290489197
single,Donald Trump,33,3,21.92360496520996,21.92360496520996,0.44250059127807617,0.2961118221282959
single,Donald Trump,33,4,23.355545043945312,23.355545043945312,0.49334070086479187,0.42142021656036377
single,Donald Trump,33,5,24.74823570251465,24.74823570251465,0.4154173731803894,0.2897953689098358
single,Donald Trump,33,6,19.6677303314209,19.66773223876953,0.4040588140487671,0.29501429200172424
single,Donald Trump,33,7,22.40480613708496,22.40480613708496,0.4067321717739105,0.2720387876033783
single,Donald Trump,33,8,23.00711441040039,23.007116317749023,0.51071697473526,0.43568453192710876
single,Donald Trump,33,9,27.93167495727539,27.931676864624023,0.43556642532348633,0.3371931314468384
single,Donald Trump,33,10,31.08357810974121,31.08357810974121,0.4717676341533661,0.339397132396698
single,Donald Trump,33,11,29.741369247436523,29.741369247436523,0.5000816583633423,0.3326825499534607
single,Donald Trump,33,12,22.961179733276367,22.961181640625,0.4552803039550781,0.37306448817253113
single,Donald Trump,33,13,25.4002742767334,25.4002742767334,0.41385602951049805,0.30609121918678284
single,Donald Trump,33,14,19.72409439086914,19.72409439086914,0.39318403601646423,0.29340702295303345
single,Donald Trump,33,15,21.149580001831055,21.149580001831055,0.4486200213432312,0.32570841908454895
single,Donald Trump,33,16,23.67824935913086,23.678251266479492,0.5006527900695801,0.41649794578552246
single,Donald Trump,33,17,25.774099349975586,25.774099349975586,0.446939080953598,0.35017427802085876
single,Donald Trump,33,18,26.618711471557617,26.618711471557617,0.48676931858062744,0.3446318507194519
single,Donald Trump,33,19,30.81945037841797,30.819454193115234,0.4881743788719177,0.3124815821647644
single,Donald Trump,34,0,22.193212509155273,22.193212509155273,0.4414578080177307,0.3624137043952942
single,Donald Trump,34,1,26.375822067260742,26.375822067260742,0.38609275221824646,0.27243518829345703
single,Donald Trump,34,2,21.483898162841797,21.48390007019043,0.3821962773799896,0.25576406717300415
single,Donald Trump,34,3,19.880537033081055,19.880538940429688,0.38861751556396484,0.26422080397605896
single,Donald Trump,34,4,26.877220153808594,26.877220153808594,0.486320823431015,0.40906429290771484
single,Donald Trump,34,5,26.59111785888672,26.59111785888672,0.40027523040771484,0.2801501750946045
single,Donald Trump,34,6,19.12545394897461,19.12545394897461,0.37269729375839233,0.28051427006721497
single,Donald Trump,34,7,22.6545467376709,22.6545467376709,0.38287436962127686,0.2624222934246063
single,Donald Trump,34,8,22.956031799316406,22.956031799316406,0.4676825702190399,0.39772748947143555
single,Donald Trump,34,9,31.765911102294922,31.765907287597656,0.44137346744537354,0.3348217010498047
single,Donald Trump,34,10,31.38747787475586,31.38747787475586,0.4527011811733246,0.3212333619594574
single,Donald Trump,34,11,30.979583740234375,30.979583740234375,0.503894031047821,0.3335939645767212
single,Donald Trump,34,12,25.329954147338867,25.329954147338867,0.4188353419303894,0.35996100306510925
single,Donald Trump,34,13,23.150482177734375,23.150482177734375,0.35711583495140076,0.2626119554042816
single,Donald Trump,34,14,16.987224578857422,16.987224578857422,0.3219775855541229,0.23985952138900757
single,Donald Trump,34,15,19.634721755981445,19.634721755981445,0.3801126480102539,0.29184770584106445
single,Donald Trump,34,16,25.958816528320312,25.958816528320312,0.4744203984737396,0.3991778790950775
single,Donald Trump,34,17,29.422073364257812,29.422073364257812,0.45779260993003845,0.3500607907772064
single,Donald Trump,34,18,29.566808700561523,29.566810607910156,0.4923402667045593,0.3761528432369232
single,Donald Trump,34,19,32.62321090698242,32.62321090698242,0.4822450578212738,0.3363955616950989
single,Donald Trump,35,0,24.586811065673828,24.58681297302246,0.5152158737182617,0.40522444248199463
single,Donald Trump,35,1,24.301952362060547,24.301952362060547,0.3682452142238617,0.2790929079055786
single,Donald Trump,35,2,19.55775260925293,19.557754516601562,0.3490591049194336,0.2460835874080658
single,Donald Trump,35,3,19.758007049560547,19.758007049560547,0.37937742471694946,0.23137657344341278
single,Donald Trump,35,4,29.02359390258789,29.023595809936523,0.5398404598236084,0.44032979011535645
single,Donald Trump,35,5,22.456710815429688,22.456710815429688,0.3581849932670593,0.27173829078674316
single,Donald Trump,35,6,17.71920394897461,17.71920394897461,0.35891208052635193,0.23136520385742188
single,Donald Trump,35,7,23.86212158203125,23.862125396728516,0.384773850440979,0.2520092725753784
single,Donald Trump,35,8,20.302249908447266,20.302249908447266,0.4758729636669159,0.37362703680992126
single,Donald Trump,35,9,32.696876525878906,32.696876525878906,0.4758206307888031,0.35604095458984375
single,Donald Trump,35,10,30.377769470214844,30.37777328491211,0.4583011567592621,0.30810415744781494
single,Donald Trump,35,11,30.787826538085938,30.787826538085938,0.5084556341171265,0.3399322032928467
single,Donald Trump,35,12,28.72213363647461,28.72213363647461,0.4736635088920593,0.37369710206985474
single,Donald Trump,35,13,21.426376342773438,21.426376342773438,0.36704158782958984,0.2763027846813202
single,Donald Trump,35,14,18.083297729492188,18.08329963684082,0.35663384199142456,0.2331857532262802
single,Donald Trump,35,15,18.941177368164062,18.941177368164062,0.3791600167751312,0.25808990001678467
single,Donald Trump,35,16,26.69539451599121,26.69539451599121,0.5048989653587341,0.4039716422557831
single,Donald Trump,35,17,26.406173706054688,26.406177520751953,0.42363423109054565,0.30187851190567017
single,Donald Trump,35,18,27.43083953857422,27.43083953857422,0.4739583432674408,0.3332986831665039
single,Donald Trump,35,19,32.78208923339844,32.78208923339844,0.4857228696346283,0.3369240462779999
single,Donald Trump,36,0,24.569011688232422,24.569011688232422,0.48504817485809326,0.4343244433403015
single,Donald Trump,36,1,21.355518341064453,21.355518341064453,0.42434442043304443,0.27675217390060425
single,Donald Trump,36,2,20.71377182006836,20.713773727416992,0.4367450177669525,0.25615766644477844
single,Donald Trump,36,3,26.256790161132812,26.256793975830078,0.521432638168335,0.3319717347621918
single,Donald Trump,36,4,33.47809600830078,33.47809982299805,0.6103521585464478,0.5362289547920227
single,Donald Trump,36,5,24.157791137695312,24.157791137695312,0.4623394012451172,0.30055099725723267
single,Donald Trump,36,6,17.901798248291016,17.901798248291016,0.3929309844970703,0.23561887443065643
single,Donald Trump,36,7,25.383750915527344,25.383750915527344,0.4695770740509033,0.30150550603866577
single,Donald Trump,36,8,21.52701187133789,21.52701187133789,0.49017804861068726,0.4093281924724579
single,Donald Trump,36,9,20.791582107543945,20.791582107543945,0.4238109588623047,0.28475236892700195
single,Donald Trump,36,10,24.043575286865234,24.043575286865234,0.4799667298793793,0.30701184272766113
single,Donald Trump,36,11,32.88726043701172,32.887264251708984,0.6378105878829956,0.3827330768108368
single,Donald Trump,36,12,29.111278533935547,29.111278533935547,0.44477733969688416,0.37328529357910156
single,Donald Trump,36,13,17.26262664794922,17.26262855529785,0.3616151213645935,0.23843762278556824
single,Donald Trump,36,14,15.58154296875,15.581544876098633,0.3535144031047821,0.22133472561836243
single,Donald Trump,36,15,21.23711395263672,21.23711395263672,0.41747528314590454,0.2625352740287781
single,Donald Trump,36,16,27.01906967163086,27.019073486328125,0.5637017488479614,0.5016515254974365
single,Donald Trump,36,17,18.2275447845459,18.2275447845459,0.410395085811615,0.27877581119537354
single,Donald Trump,36,18,20.803251266479492,20.803251266479492,0.45810645818710327,0.2710251212120056
single,Donald Trump,36,19,27.58132553100586,27.58132553100586,0.5370746850967407,0.3677699565887451
single,Donald Trump,37,0,22.047706604003906,22.047706604003906,0.3692964017391205,0.2407262772321701
single,Donald Trump,37,1,25.602474212646484,25.602474212646484,0.43013712763786316,0.30362552404403687
single,Donald Trump,37,2,26.53207778930664,26.532079696655273,0.4506192207336426,0.28487884998321533
single,Donald Trump,37,3,34.47929000854492,34.47929000854492,0.48998305201530457,0.29390907287597656
single,Donald Trump,37,4,26.733373641967773,26.733373641967773,0.4733467102050781,0.3916824460029602
single,Donald Trump,37,5,26.43208122253418,26.43208122253418,0.4340974688529968,0.28892549872398376
single,Donald Trump,37,6,24.713211059570312,24.713211059570312,0.430550754070282,0.26844534277915955
single,Donald Trump,37,7,36.20841598510742,36.20841598510742,0.5045679807662964,0.30588507652282715
single,Donald Trump,37,8,21.266529083251953,21.26653289794922,0.3906387686729431,0.3210935592651367
single,Donald Trump,37,9,21.584875106811523,21.584877014160156,0.39316996932029724,0.2725803256034851
single,Donald Trump,37,10,33.124908447265625,33.124908447265625,0.5419144034385681,0.353083074092865
single,Donald Trump,37,11,38.045475006103516,38.045475006103516,0.5505295991897583,0.3880751132965088
single,Donald Trump,37,12,30.088102340698242,30.088104248046875,0.48110780119895935,0.3093079924583435
single,Donald Trump,37,13,25.568378448486328,25.568378448486328,0.4245886206626892,0.30282965302467346
single,Donald Trump,37,14,26.022350311279297,26.022350311279297,0.4306055009365082,0.313956618309021
single,Donald Trump,37,15,30.916181564331055,30.916183471679688,0.469853013753891,0.3213745355606079
single,Donald Trump,37,16,24.945297241210938,24.945301055908203,0.4605461359024048,0.37050944566726685
single,Donald Trump,37,17,28.6794490814209,28.6794490814209,0.4504162669181824,0.2875766456127167
single,Donald Trump,37,18,27.581783294677734,27.581785202026367,0.4509323835372925,0.2976113259792328
single,Donald Trump,37,19,39.131431579589844,39.131431579589844,0.5428425669670105,0.33092638850212097
