kind,label,block_index,measurement_index,coeff_norm_mean,proj_norm_mean,relative_proj_mean,max_coeff_mean
dual,goldfish,0,0,34.994293212890625,34.994293212890625,0.3397398591041565,0.30007630586624146
dual,goldfish,0,1,31.807056427001953,31.807056427001953,0.3474521338939667,0.2984474003314972
dual,goldfish,0,2,31.575763702392578,31.57576560974121,0.3573783338069916,0.2971110939979553
dual,goldfish,0,3,32.29624938964844,32.2962532043457,0.3701843321323395,0.29990634322166443
dual,goldfish,0,4,34.994293212890625,34.994293212890625,0.3397398591041565,0.30007630586624146
dual,goldfish,0,5,31.807056427001953,31.807056427001953,0.3474521338939667,0.2984474003314972
dual,goldfish,0,6,31.575763702392578,31.57576560974121,0.3573783338069916,0.2971110939979553
dual,goldfish,0,7,32.29624938964844,32.2962532043457,0.3701843321323395,0.29990634322166443
dual,goldfish,0,8,34.994293212890625,34.994293212890625,0.3397398591041565,0.30007630586624146
dual,goldfish,0,9,31.807056427001953,31.807056427001953,0.3474521338939667,0.2984474003314972
dual,goldfish,0,10,31.575763702392578,31.57576560974121,0.3573783338069916,0.2971110939979553
dual,goldfish,0,11,32.29624938964844,32.2962532043457,0.3701843321323395,0.29990634322166443
dual,goldfish,0,12,34.994293212890625,34.994293212890625,0.3397398591041565,0.30007630586624146
dual,goldfish,0,13,31.807056427001953,31.807056427001953,0.3474521338939667,0.2984474003314972
dual,goldfish,0,14,31.575763702392578,31.57576560974121,0.3573783338069916,0.2971110939979553
dual,goldfish,0,15,32.29624938964844,32.2962532043457,0.3701843321323395,0.29990634322166443
dual,goldfish,0,16,34.994293212890625,34.994293212890625,0.3397398591041565,0.30007630586624146
dual,goldfish,0,17,31.807056427001953,31.807056427001953,0.3474521338939667,0.2984474003314972
dual,goldfish,0,18,31.575763702392578,31.57576560974121,0.3573783338069916,0.2971110939979553
dual,goldfish,0,19,32.29624938964844,32.2962532043457,0.3701843321323395,0.29990634322166443
dual,goldfish,1,0,35.602874755859375,35.602882385253906,0.32694634795188904,0.28694793581962585
dual,goldfish,1,1,31.714879989624023,31.71488380432129,0.33637720346450806,0.28008028864860535
dual,goldfish,1,2,31.004735946655273,31.00473976135254,0.34711018204689026,0.27146241068840027
dual,goldfish,1,3,31.17584800720215,31.17584800720215,0.3592316210269928,0.26150354743003845
dual,goldfish,1,4,35.55913543701172,35.559139251708984,0.32741081714630127,0.28733205795288086
dual,goldfish,1,5,31.552453994750977,31.552453994750977,0.3351033627986908,0.27974167466163635
dual,goldfish,1,6,30.9062442779541,30.90625,0.345731258392334,0.2716814875602722
dual,goldfish,1,7,31.34705924987793,31.34705924987793,0.3600993752479553,0.2619950473308563
dual,goldfish,1,8,35.401214599609375,35.401214599609375,0.3254677355289459,0.2861432135105133
dual,goldfish,1,9,31.253408432006836,31.2534122467041,0.33253031969070435,0.2764380872249603
dual,goldfish,1,10,30.712507247924805,30.712507247924805,0.3448145091533661,0.2696227729320526
dual,goldfish,1,11,31.141931533813477,31.141935348510742,0.3597290813922882,0.26127859950065613
dual,goldfish,1,12,35.571834564208984,35.57183837890625,0.3270598351955414,0.28758159279823303
dual,goldfish,1,13,31.715978622436523,31.715978622436523,0.33605191111564636,0.2805705666542053
dual,goldfish,1,14,30.92451286315918,30.92451286315918,0.34594541788101196,0.2712555229663849
dual,goldfish,1,15,31.109766006469727,31.109766006469727,0.3581239581108093,0.26111605763435364
dual,goldfish,1,16,35.40974807739258,35.40974807739258,0.3254883289337158,0.28657370805740356
dual,goldfish,1,17,32.33026123046875,32.33026123046875,0.3435421586036682,0.283809632062912
dual,goldfish,1,18,32.41250228881836,32.41250228881836,0.36173802614212036,0.2793811857700348
dual,goldfish,1,19,33.825618743896484,33.825618743896484,0.38593900203704834,0.27725979685783386
dual,goldfish,2,0,29.970962524414062,29.970962524414062,0.365926593542099,0.28536364436149597
dual,goldfish,2,1,25.66633415222168,25.66633415222168,0.3558332920074463,0.24309659004211426
dual,goldfish,2,2,25.90476417541504,25.904767990112305,0.36662715673446655,0.23007431626319885
dual,goldfish,2,3,27.152755737304688,27.152759552001953,0.38494428992271423,0.24242031574249268
dual,goldfish,2,4,29.189008712768555,29.189008712768555,0.35603657364845276,0.2863910496234894
dual,goldfish,2,5,25.83378028869629,25.83378028869629,0.3776760399341583,0.25653061270713806
dual,goldfish,2,6,25.800064086914062,25.800067901611328,0.39078769087791443,0.24969100952148438
dual,goldfish,2,7,26.810089111328125,26.810089111328125,0.41362830996513367,0.25166556239128113
dual,goldfish,2,8,29.076873779296875,29.076873779296875,0.3540045917034149,0.27857914566993713
dual,goldfish,2,9,26.790807723999023,26.790807723999023,0.3886100947856903,0.2684880495071411
dual,goldfish,2,10,26.50444984436035,26.504453659057617,0.39440351724624634,0.26586034893989563
dual,goldfish,2,11,27.177885055541992,27.177885055541992,0.40863701701164246,0.2660898268222809
dual,goldfish,2,12,30.940078735351562,30.940082550048828,0.3763551115989685,0.288728803396225
dual,goldfish,2,13,27.142520904541016,27.142520904541016,0.37589311599731445,0.2710712254047394
dual,goldfish,2,14,27.897214889526367,27.897214889526367,0.39439326524734497,0.2750491499900818
dual,goldfish,2,15,31.258752822875977,31.258752822875977,0.4326724708080292,0.3115754723548889
dual,goldfish,2,16,28.7779598236084,28.7779598236084,0.3496886193752289,0.2673691511154175
dual,goldfish,2,17,29.095396041870117,29.095396041870117,0.44177109003067017,0.3154287040233612
dual,goldfish,2,18,30.285694122314453,30.285696029663086,0.4736368656158447,0.335226446390152
dual,goldfish,2,19,33.46318435668945,33.46318435668945,0.5206549167633057,0.3520893156528473
dual,goldfish,3,0,37.82695770263672,37.82695770263672,0.3347977101802826,0.2612999677658081
dual,goldfish,3,1,29.94288444519043,29.94288444519043,0.33642929792404175,0.2394627332687378
dual,goldfish,3,2,27.0600643157959,27.0600643157959,0.33295199275016785,0.22676466405391693
dual,goldfish,3,3,26.61610221862793,26.61610221862793,0.3464667797088623,0.22991585731506348
dual,goldfish,3,4,35.602779388427734,35.602783203125,0.31819117069244385,0.2553050220012665
dual,goldfish,3,5,30.232376098632812,30.232379913330078,0.3468148708343506,0.24414797127246857
dual,goldfish,3,6,27.334228515625,27.334228515625,0.3462737202644348,0.2390305995941162
dual,goldfish,3,7,27.087915420532227,27.087915420532227,0.36629247665405273,0.23578539490699768
dual,goldfish,3,8,36.1099853515625,36.1099853515625,0.32332149147987366,0.25625503063201904
dual,goldfish,3,9,31.551488876342773,31.551488876342773,0.3563000559806824,0.24593599140644073
dual,goldfish,3,10,27.782880783081055,27.782882690429688,0.34075796604156494,0.2388102114200592
dual,goldfish,3,11,27.913537979125977,27.913537979125977,0.35988274216651917,0.229213148355484
dual,goldfish,3,12,37.88203048706055,37.88203048706055,0.33470430970191956,0.2691882252693176
dual,goldfish,3,13,27.948705673217773,27.948705673217773,0.30549293756484985,0.2233828753232956
dual,goldfish,3,14,25.577911376953125,25.577911376953125,0.31202706694602966,0.20743422210216522
dual,goldfish,3,15,25.466440200805664,25.466440200805664,0.33082976937294006,0.23166988790035248
dual,goldfish,3,16,36.03050994873047,36.03050994873047,0.32409200072288513,0.2502184510231018
dual,goldfish,3,17,36.267642974853516,36.26764678955078,0.4258212149143219,0.3115156888961792
dual,goldfish,3,18,35.0484504699707,35.0484504699707,0.44534727931022644,0.31955328583717346
dual,goldfish,3,19,37.13018035888672,37.13018035888672,0.4880351126194,0.33216142654418945
dual,goldfish,4,0,44.40697479248047,44.4069709777832,0.38895925879478455,0.3387352526187897
dual,goldfish,4,1,29.73894691467285,29.73894691467285,0.3456118404865265,0.26473674178123474
dual,goldfish,4,2,26.026391983032227,26.026391983032227,0.33101916313171387,0.23155765235424042
dual,goldfish,4,3,25.4849796295166,25.4849796295166,0.3448544144630432,0.22352612018585205
dual,goldfish,4,4,43.860408782958984,43.86040496826172,0.38817673921585083,0.3450452983379364
dual,goldfish,4,5,29.614990234375,29.614990234375,0.35536977648735046,0.27303653955459595
dual,goldfish,4,6,25.972192764282227,25.972192764282227,0.3474203646183014,0.23824770748615265
dual,goldfish,4,7,25.96244239807129,25.96244239807129,0.3727451264858246,0.23516984283924103
dual,goldfish,4,8,44.28914260864258,44.28913879394531,0.38984712958335876,0.3463720679283142
dual,goldfish,4,9,30.79180335998535,30.79180335998535,0.3543604910373688,0.2699388563632965
dual,goldfish,4,10,27.082782745361328,27.082778930664062,0.3424500823020935,0.23584559559822083
dual,goldfish,4,11,27.122333526611328,27.122333526611328,0.3673086166381836,0.24309144914150238
dual,goldfish,4,12,44.940486907958984,44.94047927856445,0.3925517499446869,0.34656837582588196
dual,goldfish,4,13,27.929779052734375,27.929779052734375,0.3166685402393341,0.2561434209346771
dual,goldfish,4,14,24.232589721679688,24.232589721679688,0.2988913953304291,0.22928719222545624
dual,goldfish,4,15,22.76591682434082,22.76591682434082,0.2965663969516754,0.20588655769824982
dual,goldfish,4,16,44.32892990112305,44.32892608642578,0.3921130299568176,0.34381768107414246
dual,goldfish,4,17,35.125885009765625,35.125885009765625,0.43081241846084595,0.3388926684856415
dual,goldfish,4,18,33.18706130981445,33.18706130981445,0.4560770094394684,0.3328377902507782
dual,goldfish,4,19,34.038753509521484,34.038753509521484,0.5002641081809998,0.3324309289455414
dual,goldfish,5,0,40.6306266784668,40.6306266784668,0.37845268845558167,0.3365097939968109
dual,goldfish,5,1,31.312925338745117,31.312925338745117,0.39405664801597595,0.28075528144836426
dual,goldfish,5,2,28.538904190063477,28.53890037536621,0.39498868584632874,0.26361003518104553
dual,goldfish,5,3,29.86427879333496,29.86427879333496,0.43152639269828796,0.2589583992958069
dual,goldfish,5,4,39.83002853393555,39.83002853393555,0.37322381138801575,0.3361809551715851
dual,goldfish,5,5,29.8828125,29.8828125,0.38992032408714294,0.279528945684433
dual,goldfish,5,6,27.109716415405273,27.109716415405273,0.3873400390148163,0.2662602365016937
dual,goldfish,5,7,28.19252586364746,28.19252586364746,0.41777798533439636,0.2576482892036438
dual,goldfish,5,8,40.36002731323242,40.360023498535156,0.37975069880485535,0.33967387676239014
dual,goldfish,5,9,31.33330726623535,31.33330726623535,0.3966277837753296,0.28003600239753723
dual,goldfish,5,10,28.863508224487305,28.863510131835938,0.39698734879493713,0.2607496976852417
dual,goldfish,5,11,30.28049087524414,30.28049087524414,0.43412333726882935,0.2575179636478424
dual,goldfish,5,12,40.88269805908203,40.882694244384766,0.3788202702999115,0.34004005789756775
dual,goldfish,5,13,29.1778507232666,29.1778507232666,0.360034316778183,0.2746150493621826
dual,goldfish,5,14,26.209081649780273,26.209081649780273,0.3536160886287689,0.2536522448062897
dual,goldfish,5,15,26.79697608947754,26.796972274780273,0.3748053312301636,0.2501389682292938
dual,goldfish,5,16,39.407501220703125,39.40749740600586,0.3692679703235626,0.3315579891204834
dual,goldfish,5,17,31.69252586364746,31.692529678344727,0.415992796421051,0.3161604404449463
dual,goldfish,5,18,29.329669952392578,29.329669952392578,0.42407986521720886,0.3060039281845093
dual,goldfish,5,19,31.04719352722168,31.04719352722168,0.4653843343257904,0.3036511540412903
dual,goldfish,6,0,57.95656967163086,57.95656967163086,0.3980605900287628,0.35146066546440125
dual,goldfish,6,1,47.620052337646484,47.620052337646484,0.42979079484939575,0.29700595140457153
dual,goldfish,6,2,44.66225814819336,44.66225814819336,0.43183469772338867,0.27294203639030457
dual,goldfish,6,3,45.69269561767578,45.69269561767578,0.4568723738193512,0.26470842957496643
dual,goldfish,6,4,57.80508041381836,57.80508041381836,0.39656227827072144,0.3530295491218567
dual,goldfish,6,5,44.50946044921875,44.50946044921875,0.41249558329582214,0.2940928339958191
dual,goldfish,6,6,41.59281539916992,41.59281539916992,0.4146643579006195,0.26590797305107117
dual,goldfish,6,7,43.16886520385742,43.16886520385742,0.44429731369018555,0.2556600570678711
dual,goldfish,6,8,57.44666290283203,57.44666290283203,0.3993109166622162,0.35313349962234497
dual,goldfish,6,9,44.788734436035156,44.78873825073242,0.41858598589897156,0.2842693030834198
dual,goldfish,6,10,41.075164794921875,41.075164794921875,0.41496801376342773,0.25948309898376465
dual,goldfish,6,11,41.619781494140625,41.619781494140625,0.44194546341896057,0.2616041302680969
dual,goldfish,6,12,58.72392654418945,58.72392654418945,0.4033583104610443,0.3585837781429291
dual,goldfish,6,13,46.47379684448242,46.47379684448242,0.41781339049339294,0.3091232478618622
dual,goldfish,6,14,43.16859817504883,43.16860580444336,0.4178432524204254,0.27877670526504517
dual,goldfish,6,15,43.01264572143555,43.01264572143555,0.4258846342563629,0.2534240186214447
dual,goldfish,6,16,57.54799270629883,57.54799270629883,0.3974023461341858,0.3543749749660492
dual,goldfish,6,17,48.038936614990234,48.0389404296875,0.43721523880958557,0.29132065176963806
dual,goldfish,6,18,44.494964599609375,44.49496841430664,0.43768930435180664,0.27185961604118347
dual,goldfish,6,19,45.350460052490234,45.350460052490234,0.46767187118530273,0.2715636193752289
dual,goldfish,7,0,43.0015754699707,43.00157928466797,0.39385485649108887,0.3533362150192261
dual,goldfish,7,1,34.004215240478516,34.004215240478516,0.40746718645095825,0.28175678849220276
dual,goldfish,7,2,33.8987922668457,33.8987922668457,0.43061238527297974,0.2541854977607727
dual,goldfish,7,3,36.30687713623047,36.306880950927734,0.48057103157043457,0.284410685300827
dual,goldfish,7,4,42.163875579833984,42.163875579833984,0.3850431740283966,0.34722912311553955
dual,goldfish,7,5,29.957386016845703,29.957386016845703,0.3695424497127533,0.26030561327934265
dual,goldfish,7,6,30.433813095092773,30.433813095092773,0.4068918228149414,0.2584427297115326
dual,goldfish,7,7,33.039852142333984,33.039852142333984,0.4640798568725586,0.2899654805660248
dual,goldfish,7,8,42.7225456237793,42.7225456237793,0.3966207206249237,0.35604649782180786
dual,goldfish,7,9,32.066246032714844,32.06624984741211,0.4008565843105316,0.267812043428421
dual,goldfish,7,10,31.955366134643555,31.955368041992188,0.4235498905181885,0.24220411479473114
dual,goldfish,7,11,33.72347640991211,33.72347640991211,0.47086283564567566,0.27852049469947815
dual,goldfish,7,12,43.12376022338867,43.1237678527832,0.3968268632888794,0.35891246795654297
dual,goldfish,7,13,31.251867294311523,31.251867294311523,0.37610548734664917,0.2689940631389618
dual,goldfish,7,14,31.058795928955078,31.058795928955078,0.3990129828453064,0.256232351064682
dual,goldfish,7,15,32.58257293701172,32.582576751708984,0.43048015236854553,0.27761217951774597
dual,goldfish,7,16,43.18056106567383,43.18056106567383,0.39728033542633057,0.3593144118785858
dual,goldfish,7,17,35.066410064697266,35.066410064697266,0.43343305587768555,0.28304287791252136
dual,goldfish,7,18,34.62459945678711,34.62459945678711,0.4459383487701416,0.2829093635082245
dual,goldfish,7,19,36.530517578125,36.530517578125,0.48662063479423523,0.31890004873275757
dual,goldfish,8,0,57.154640197753906,57.15464401245117,0.4344223141670227,0.40316668152809143
dual,goldfish,8,1,47.19456481933594,47.1945686340332,0.44670596718788147,0.33624178171157837
dual,goldfish,8,2,45.44527816772461,45.44527816772461,0.4545838534832001,0.2943015694618225
dual,goldfish,8,3,45.73138427734375,45.73138427734375,0.48569679260253906,0.2684912383556366
dual,goldfish,8,4,56.65020751953125,56.65021514892578,0.4272039532661438,0.39835038781166077
dual,goldfish,8,5,41.752071380615234,41.752071380615234,0.40245991945266724,0.3087116777896881
dual,goldfish,8,6,38.97565460205078,38.97565460205078,0.41964268684387207,0.2636197507381439
dual,goldfish,8,7,39.5763053894043,39.5763053894043,0.46917667984962463,0.2780044376850128
dual,goldfish,8,8,56.745697021484375,56.745697021484375,0.4368034303188324,0.4072122573852539
dual,goldfish,8,9,43.18754196166992,43.18754196166992,0.4335022568702698,0.3282442092895508
dual,goldfish,8,10,40.0782470703125,40.0782470703125,0.4361644685268402,0.2797101140022278
dual,goldfish,8,11,40.35162353515625,40.35162353515625,0.4661739766597748,0.26738661527633667
dual,goldfish,8,12,57.10750961303711,57.10750961303711,0.4312589168548584,0.40328866243362427
dual,goldfish,8,13,42.686866760253906,42.686866760253906,0.40535661578178406,0.31973981857299805
dual,goldfish,8,14,39.802310943603516,39.802310943603516,0.40830880403518677,0.2804686725139618
dual,goldfish,8,15,38.592369079589844,38.59237289428711,0.41928917169570923,0.26768964529037476
dual,goldfish,8,16,56.750282287597656,56.750282287597656,0.4268486201763153,0.39735040068626404
dual,goldfish,8,17,44.9697151184082,44.96971130371094,0.45002588629722595,0.3216027319431305
dual,goldfish,8,18,41.13462448120117,41.13462448120117,0.4473891258239746,0.27939870953559875
dual,goldfish,8,19,41.4471549987793,41.44715881347656,0.48736223578453064,0.2738777697086334
dual,goldfish,9,0,57.46230697631836,57.46230697631836,0.49000340700149536,0.4545893669128418
dual,goldfish,9,1,50.22773361206055,50.22773361206055,0.4890649914741516,0.36766311526298523
dual,goldfish,9,2,46.74455261230469,46.74455261230469,0.4870418608188629,0.32798704504966736
dual,goldfish,9,3,44.668880462646484,44.668880462646484,0.49335384368896484,0.304059237241745
dual,goldfish,9,4,57.38725662231445,57.38725662231445,0.48944464325904846,0.45718035101890564
dual,goldfish,9,5,46.4985237121582,46.4985237121582,0.4619736671447754,0.3474060893058777
dual,goldfish,9,6,43.326236724853516,43.326236724853516,0.4636668264865875,0.3110203742980957
dual,goldfish,9,7,41.4909553527832,41.4909553527832,0.4749041199684143,0.30386829376220703
dual,goldfish,9,8,57.601112365722656,57.601112365722656,0.493476539850235,0.45948514342308044
dual,goldfish,9,9,47.81197738647461,47.81197738647461,0.47895678877830505,0.3640877902507782
dual,goldfish,9,10,44.144954681396484,44.144954681396484,0.47319117188453674,0.3181424140930176
dual,goldfish,9,11,41.62178421020508,41.62178421020508,0.4785028100013733,0.3158795237541199
dual,goldfish,9,12,56.964515686035156,56.964515686035156,0.4838310778141022,0.4515230357646942
dual,goldfish,9,13,46.10513687133789,46.105140686035156,0.44578829407691956,0.3514437973499298
dual,goldfish,9,14,41.674110412597656,41.674110412597656,0.44562697410583496,0.31843623518943787
dual,goldfish,9,15,38.530757904052734,38.5307502746582,0.4433881938457489,0.27847954630851746
dual,goldfish,9,16,57.05100631713867,57.05100631713867,0.48441943526268005,0.4514172077178955
dual,goldfish,9,17,48.67890548706055,48.67890548706055,0.474349707365036,0.3437502086162567
dual,goldfish,9,18,44.57390213012695,44.57390213012695,0.47323474287986755,0.30825915932655334
dual,goldfish,9,19,43.497982025146484,43.497982025146484,0.4920569360256195,0.300076425075531
dual,goldfish,10,0,65.51781463623047,65.51781463623047,0.42353105545043945,0.3988909423351288
dual,goldfish,10,1,59.7319221496582,59.73193359375,0.45004621148109436,0.33889803290367126
dual,goldfish,10,2,54.4849739074707,54.4849739074707,0.4582926332950592,0.3177919387817383
dual,goldfish,10,3,52.05669021606445,52.05669021606445,0.47056588530540466,0.29026469588279724
dual,goldfish,10,4,65.57856750488281,65.57856750488281,0.4260055720806122,0.4015168845653534
dual,goldfish,10,5,58.69464111328125,58.69464111328125,0.43881160020828247,0.33951258659362793
dual,goldfish,10,6,53.3609619140625,53.3609619140625,0.4527970254421234,0.31622621417045593
dual,goldfish,10,7,51.91313552856445,51.91313552856445,0.47408923506736755,0.2989729344844818
dual,goldfish,10,8,66.67867279052734,66.67867279052734,0.42998191714286804,0.404243141412735
dual,goldfish,10,9,61.7642822265625,61.7642822265625,0.4486813545227051,0.337615966796875
dual,goldfish,10,10,57.17609786987305,57.17609786987305,0.454912006855011,0.31542086601257324
dual,goldfish,10,11,54.289520263671875,54.289520263671875,0.46650829911231995,0.2854123115539551
dual,goldfish,10,12,65.80036163330078,65.80036926269531,0.4225867688655853,0.399554044008255
dual,goldfish,10,13,56.497161865234375,56.497169494628906,0.42260047793388367,0.3282303512096405
dual,goldfish,10,14,50.59356689453125,50.593570709228516,0.43235263228416443,0.3058907091617584
dual,goldfish,10,15,45.985713958740234,45.985713958740234,0.4351656436920166,0.2674435079097748
dual,goldfish,10,16,66.17665100097656,66.17665100097656,0.42440691590309143,0.4003389775753021
dual,goldfish,10,17,62.716033935546875,62.716041564941406,0.4583496153354645,0.33605560660362244
dual,goldfish,10,18,61.61103439331055,61.61103439331055,0.5014157295227051,0.33224979043006897
dual,goldfish,10,19,61.29480743408203,61.2948112487793,0.5485081076622009,0.3309341371059418
dual,goldfish,11,0,69.46504974365234,69.46504974365234,0.4182495176792145,0.3919675052165985
dual,goldfish,11,1,60.657447814941406,60.657447814941406,0.425885409116745,0.3012557923793793
dual,goldfish,11,2,52.706581115722656,52.70658493041992,0.43080589175224304,0.2577240467071533
dual,goldfish,11,3,48.36606979370117,48.36606979370117,0.443779319524765,0.2433125078678131
dual,goldfish,11,4,69.5624008178711,69.5624008178711,0.4205913543701172,0.39462336897850037
dual,goldfish,11,5,57.1065559387207,57.1065559387207,0.4104507863521576,0.29628559947013855
dual,goldfish,11,6,49.65501022338867,49.65501403808594,0.4207842946052551,0.2534753382205963
dual,goldfish,11,7,44.46973419189453,44.46973419189453,0.4305797219276428,0.23841695487499237
dual,goldfish,11,8,70.17217254638672,70.17218017578125,0.42037543654441833,0.39423736929893494
dual,goldfish,11,9,58.40375900268555,58.40375900268555,0.4200866222381592,0.31068190932273865
dual,goldfish,11,10,51.23716354370117,51.2371711730957,0.4185251295566559,0.26953068375587463
dual,goldfish,11,11,47.60786056518555,47.60786056518555,0.4342207908630371,0.2513976991176605
dual,goldfish,11,12,69.37297821044922,69.37297821044922,0.4211459159851074,0.393444687128067
dual,goldfish,11,13,58.32674789428711,58.32674789428711,0.4125548005104065,0.302689790725708
dual,goldfish,11,14,49.367698669433594,49.367698669433594,0.4123888909816742,0.2651900053024292
dual,goldfish,11,15,43.28252029418945,43.28252410888672,0.4148634970188141,0.24259033799171448
dual,goldfish,11,16,69.47462463378906,69.47462463378906,0.4164326786994934,0.3918367922306061
dual,goldfish,11,17,53.96307373046875,53.96307373046875,0.4145459234714508,0.2842708230018616
dual,goldfish,11,18,49.868995666503906,49.86899948120117,0.4450923502445221,0.2713015675544739
dual,goldfish,11,19,47.32561111450195,47.325618743896484,0.47723275423049927,0.2634013891220093
dual,goldfish,12,0,91.90425109863281,91.90425109863281,0.4561549127101898,0.40582942962646484
dual,goldfish,12,1,79.71827697753906,79.71827697753906,0.44210538268089294,0.302109956741333
dual,goldfish,12,2,68.21186828613281,68.21187591552734,0.440114825963974,0.26642903685569763
dual,goldfish,12,3,60.1193962097168,60.1193962097168,0.45483049750328064,0.2808789610862732
dual,goldfish,12,4,92.39495086669922,92.39495086669922,0.4595905840396881,0.410996675491333
dual,goldfish,12,5,77.92029571533203,77.92030334472656,0.4289581775665283,0.305799663066864
dual,goldfish,12,6,66.63549041748047,66.635498046875,0.4395008087158203,0.27329111099243164
dual,goldfish,12,7,58.211280822753906,58.21128463745117,0.46346455812454224,0.2735694348812103
dual,goldfish,12,8,93.3208999633789,93.3208999633789,0.4597834646701813,0.40932273864746094
dual,goldfish,12,9,80.33690643310547,80.3369140625,0.4478420317173004,0.3195172846317291
dual,goldfish,12,10,70.7735366821289,70.7735366821289,0.4516870677471161,0.27956461906433105
dual,goldfish,12,11,61.63900375366211,61.63900375366211,0.4682217538356781,0.28823038935661316
dual,goldfish,12,12,90.73834991455078,90.73834991455078,0.4566843509674072,0.40886783599853516
dual,goldfish,12,13,78.69176483154297,78.69176483154297,0.43366360664367676,0.3070864677429199
dual,goldfish,12,14,65.67351531982422,65.67351531982422,0.4362066388130188,0.28003135323524475
dual,goldfish,12,15,56.59498977661133,56.59498977661133,0.4525979161262512,0.28397321701049805
dual,goldfish,12,16,91.33464050292969,91.33464813232422,0.4562426507472992,0.4090192914009094
dual,goldfish,12,17,70.36913299560547,70.369140625,0.42547813057899475,0.2989161014556885
dual,goldfish,12,18,61.635406494140625,61.635414123535156,0.44909143447875977,0.27672892808914185
dual,goldfish,12,19,56.3546257019043,56.3546257019043,0.48632174730300903,0.2864130735397339
dual,goldfish,13,0,76.65602111816406,76.65602111816406,0.4698878228664398,0.4176030158996582
dual,goldfish,13,1,60.34967803955078,60.34968185424805,0.4501008987426758,0.2988370358943939
dual,goldfish,13,2,52.50004196166992,52.50004959106445,0.43911299109458923,0.26984262466430664
dual,goldfish,13,3,48.52708053588867,48.52708053588867,0.4452606737613678,0.27623817324638367
dual,goldfish,13,4,76.5013656616211,76.5013656616211,0.468386173248291,0.4182482659816742
dual,goldfish,13,5,59.88604736328125,59.88604736328125,0.4331970810890198,0.3038959503173828
dual,goldfish,13,6,50.420021057128906,50.420021057128906,0.42134982347488403,0.26300081610679626
dual,goldfish,13,7,45.624053955078125,45.624061584472656,0.4276725947856903,0.2552376091480255
dual,goldfish,13,8,76.78953552246094,76.78954315185547,0.47112390398979187,0.4163728356361389
dual,goldfish,13,9,61.6717414855957,61.6717414855957,0.44940659403800964,0.3146226406097412
dual,goldfish,13,10,53.094356536865234,53.0943603515625,0.43557578325271606,0.27373456954956055
dual,goldfish,13,11,48.37360763549805,48.37360763549805,0.4438231587409973,0.27790147066116333
dual,goldfish,13,12,75.0143814086914,75.0143814086914,0.4611763060092926,0.41146156191825867
dual,goldfish,13,13,59.607276916503906,59.607276916503906,0.43907395005226135,0.2987484633922577
dual,goldfish,13,14,49.20429611206055,49.20429992675781,0.42773064970970154,0.2683694064617157
dual,goldfish,13,15,44.714111328125,44.714111328125,0.43657922744750977,0.2663026452064514
dual,goldfish,13,16,75.07075500488281,75.07075500488281,0.46454983949661255,0.4133370518684387
dual,goldfish,13,17,53.5633430480957,53.5633430480957,0.4188193380832672,0.2851126790046692
dual,goldfish,13,18,47.15139389038086,47.151397705078125,0.41742512583732605,0.25266578793525696
dual,goldfish,13,19,45.50936508178711,45.50936508178711,0.4434829652309418,0.26517853140830994
dual,goldfish,14,0,61.1661491394043,61.16614532470703,0.40891844034194946,0.3882594108581543
dual,goldfish,14,1,40.56299591064453,40.56299591064453,0.36923477053642273,0.26847007870674133
dual,goldfish,14,2,34.35580825805664,34.35580825805664,0.3689769506454468,0.25018322467803955
dual,goldfish,14,3,33.40167999267578,33.40167999267578,0.4132574200630188,0.2500534653663635
dual,goldfish,14,4,61.893043518066406,61.893043518066406,0.4115087687969208,0.39118024706840515
dual,goldfish,14,5,41.978309631347656,41.978309631347656,0.37221625447273254,0.2881532311439514
dual,goldfish,14,6,35.185176849365234,35.185176849365234,0.3807462751865387,0.25829827785491943
dual,goldfish,14,7,32.205379486083984,32.205379486083984,0.41625890135765076,0.25231966376304626
dual,goldfish,14,8,62.3599853515625,62.359981536865234,0.41415858268737793,0.39292922616004944
dual,goldfish,14,9,41.71967697143555,41.71967697143555,0.37740686535835266,0.2931371331214905
dual,goldfish,14,10,35.8187255859375,35.8187255859375,0.38218948245048523,0.262312114238739
dual,goldfish,14,11,34.19060134887695,34.19060134887695,0.42927810549736023,0.26881298422813416
dual,goldfish,14,12,60.13595199584961,60.13595199584961,0.40416213870048523,0.38383594155311584
dual,goldfish,14,13,39.54457473754883,39.54457473754883,0.3611792027950287,0.27209019660949707
dual,goldfish,14,14,32.65974807739258,32.65974807739258,0.3650093078613281,0.25222474336624146
dual,goldfish,14,15,31.46918296813965,31.46918296813965,0.41256222128868103,0.26863017678260803
dual,goldfish,14,16,61.275978088378906,61.275978088378906,0.41167140007019043,0.39037442207336426
dual,goldfish,14,17,38.98689651489258,38.98689651489258,0.3720388114452362,0.2670314908027649
dual,goldfish,14,18,35.15995788574219,35.15995788574219,0.4040413796901703,0.26098117232322693
dual,goldfish,14,19,34.252498626708984,34.252498626708984,0.45577049255371094,0.2738787829875946
dual,goldfish,15,0,49.02702331542969,49.02702713012695,0.41516563296318054,0.3768191933631897
dual,goldfish,15,1,34.735595703125,34.735599517822266,0.39395979046821594,0.3015246093273163
dual,goldfish,15,2,28.951444625854492,28.951446533203125,0.38413938879966736,0.2783682942390442
dual,goldfish,15,3,28.181293487548828,28.181293487548828,0.42237168550491333,0.2654794752597809
dual,goldfish,15,4,48.769649505615234,48.7696533203125,0.4139862060546875,0.3765115439891815
dual,goldfish,15,5,33.7242317199707,33.72423553466797,0.37753477692604065,0.2913333773612976
dual,goldfish,15,6,27.747650146484375,27.747650146484375,0.3710915148258209,0.2700107991695404
dual,goldfish,15,7,26.48065185546875,26.480655670166016,0.4090660512447357,0.24518127739429474
dual,goldfish,15,8,48.70537567138672,48.705379486083984,0.41122037172317505,0.3723892569541931
dual,goldfish,15,9,33.87650680541992,33.87651443481445,0.3886450231075287,0.30421194434165955
dual,goldfish,15,10,28.93783950805664,28.937841415405273,0.385867178440094,0.28039923310279846
dual,goldfish,15,11,27.23211669921875,27.23211669921875,0.4187925457954407,0.26589861512184143
dual,goldfish,15,12,47.820472717285156,47.82047653198242,0.40848860144615173,0.37344983220100403
dual,goldfish,15,13,33.051570892333984,33.051570892333984,0.37217602133750916,0.28836533427238464
dual,goldfish,15,14,27.29180335998535,27.29180335998535,0.37196823954582214,0.27287179231643677
dual,goldfish,15,15,25.636938095092773,25.63694190979004,0.3999323546886444,0.2653749883174896
dual,goldfish,15,16,48.28159713745117,48.28160095214844,0.4124385416507721,0.3706199526786804
dual,goldfish,15,17,30.173858642578125,30.17386245727539,0.36569303274154663,0.28237268328666687
dual,goldfish,15,18,26.61579704284668,26.61579704284668,0.3770619332790375,0.2570912539958954
dual,goldfish,15,19,27.566984176635742,27.566986083984375,0.4317697584629059,0.25206124782562256
dual,goldfish,16,0,70.52643585205078,70.52643585205078,0.4590206742286682,0.40980276465415955
dual,goldfish,16,1,63.45485305786133,63.45486068725586,0.4842948019504547,0.28085455298423767
dual,goldfish,16,2,55.70634078979492,55.706336975097656,0.4696032702922821,0.286649614572525
dual,goldfish,16,3,49.85654830932617,49.85654830932617,0.4650091826915741,0.29299092292785645
dual,goldfish,16,4,70.46687316894531,70.46687316894531,0.4582931101322174,0.4126047194004059
dual,goldfish,16,5,62.46290969848633,62.46290969848633,0.46660494804382324,0.2998507618904114
dual,goldfish,16,6,52.273841857910156,52.273841857910156,0.44125500321388245,0.27847424149513245
dual,goldfish,16,7,47.553565979003906,47.553565979003906,0.44452252984046936,0.2805079519748688
dual,goldfish,16,8,70.86156463623047,70.86156463623047,0.45909667015075684,0.40500107407569885
dual,goldfish,16,9,62.762184143066406,62.762184143066406,0.48323559761047363,0.2948428988456726
dual,goldfish,16,10,55.58990478515625,55.58990478515625,0.4745100140571594,0.3012199401855469
dual,goldfish,16,11,49.737571716308594,49.737571716308594,0.4758586883544922,0.3187563121318817
dual,goldfish,16,12,68.84477996826172,68.84477996826172,0.4525601863861084,0.40279078483581543
dual,goldfish,16,13,63.73102951049805,63.73102951049805,0.4818524420261383,0.2824297845363617
dual,goldfish,16,14,53.3801383972168,53.3801383972168,0.4710753560066223,0.2948751449584961
dual,goldfish,16,15,45.421077728271484,45.421077728271484,0.4511755108833313,0.29707714915275574
dual,goldfish,16,16,70.73180389404297,70.73180389404297,0.45527535676956177,0.41027742624282837
dual,goldfish,16,17,57.78322982788086,57.78322982788086,0.45413675904273987,0.28349587321281433
dual,goldfish,16,18,49.784698486328125,49.784698486328125,0.44101378321647644,0.2674228847026825
dual,goldfish,16,19,46.04059982299805,46.04059600830078,0.4430980682373047,0.26133912801742554
dual,goldfish,17,0,82.42359161376953,82.42359161376953,0.47721147537231445,0.4413290023803711
dual,goldfish,17,1,67.96441650390625,67.96442413330078,0.4584493637084961,0.341095507144928
dual,goldfish,17,2,57.86623764038086,57.866241455078125,0.43399834632873535,0.29753145575523376
dual,goldfish,17,3,54.258705139160156,54.258705139160156,0.44086208939552307,0.27566418051719666
dual,goldfish,17,4,82.23165130615234,82.23165893554688,0.4751487374305725,0.4405798614025116
dual,goldfish,17,5,71.57344818115234,71.57344818115234,0.44538289308547974,0.3404480516910553
dual,goldfish,17,6,62.706459045410156,62.706459045410156,0.4234398305416107,0.30390867590904236
dual,goldfish,17,7,57.77120590209961,57.77120590209961,0.4373513162136078,0.2693839967250824
dual,goldfish,17,8,81.90577697753906,81.90577697753906,0.4773833751678467,0.4415454864501953
dual,goldfish,17,9,70.03780364990234,70.03780364990234,0.4521600306034088,0.33280664682388306
dual,goldfish,17,10,61.483943939208984,61.48394775390625,0.43584901094436646,0.28900203108787537
dual,goldfish,17,11,55.66544723510742,55.66544723510742,0.4429824948310852,0.2751722037792206
dual,goldfish,17,12,79.74176025390625,79.74176788330078,0.4602620601654053,0.42048850655555725
dual,goldfish,17,13,67.54291534423828,67.54292297363281,0.45301389694213867,0.33836668729782104
dual,goldfish,17,14,52.71035385131836,52.71035385131836,0.41433268785476685,0.28597208857536316
dual,goldfish,17,15,47.76632308959961,47.76632308959961,0.4144778251647949,0.2779742181301117
dual,goldfish,17,16,80.65412902832031,80.65413665771484,0.46905872225761414,0.4375908076763153
dual,goldfish,17,17,65.59246826171875,65.59246826171875,0.4274548590183258,0.3194166421890259
dual,goldfish,17,18,61.15458297729492,61.15459060668945,0.42162734270095825,0.2837163507938385
dual,goldfish,17,19,61.1252555847168,61.1252555847168,0.45829930901527405,0.2736063301563263
dual,goldfish,18,0,91.94852447509766,91.94853973388672,0.49747180938720703,0.42858314514160156
dual,goldfish,18,1,88.24864959716797,88.24864959716797,0.5065380334854126,0.3356512188911438
dual,goldfish,18,2,77.32799530029297,77.32799530029297,0.47860851883888245,0.32579073309898376
dual,goldfish,18,3,63.821258544921875,63.821266174316406,0.4575231671333313,0.310612291097641
dual,goldfish,18,4,92.66606903076172,92.66606903076172,0.49997788667678833,0.4369334876537323
dual,goldfish,18,5,79.55191802978516,79.55191802978516,0.4775068461894989,0.3339809477329254
dual,goldfish,18,6,77.08551788330078,77.08551788330078,0.4622522294521332,0.31047651171684265
dual,goldfish,18,7,69.87803649902344,69.87804412841797,0.45350489020347595,0.30154886841773987
dual,goldfish,18,8,92.4634017944336,92.4634017944336,0.4978178143501282,0.429380863904953
dual,goldfish,18,9,80.93438720703125,80.93438720703125,0.49189090728759766,0.32436877489089966
dual,goldfish,18,10,76.06026458740234,76.06026458740234,0.4718470275402069,0.3082559406757355
dual,goldfish,18,11,63.64784622192383,63.64784622192383,0.4530148506164551,0.29815244674682617
dual,goldfish,18,12,90.11800384521484,90.11800384521484,0.48495492339134216,0.41911131143569946
dual,goldfish,18,13,79.63055419921875,79.63055419921875,0.47648975253105164,0.313297301530838
dual,goldfish,18,14,69.8529281616211,69.8529281616211,0.4540266692638397,0.3085762560367584
dual,goldfish,18,15,58.06978988647461,58.06978988647461,0.43071842193603516,0.3010397255420685
dual,goldfish,18,16,91.28338623046875,91.28339385986328,0.4978392720222473,0.4280893802642822
dual,goldfish,18,17,73.94050598144531,73.94050598144531,0.46683382987976074,0.3255983293056488
dual,goldfish,18,18,71.1959457397461,71.1959457397461,0.4415901303291321,0.3119991421699524
dual,goldfish,18,19,65.50021362304688,65.50021362304688,0.4466334879398346,0.29989758133888245
single,goldfish,0,0,54.95573806762695,54.95573806762695,0.501640796661377,0.4538624882698059
single,goldfish,0,1,45.57621383666992,45.57621765136719,0.49836254119873047,0.36205682158470154
single,goldfish,0,2,38.748291015625,38.748291015625,0.48837190866470337,0.328892320394516
single,goldfish,0,3,32.600704193115234,32.600704193115234,0.4847799241542816,0.330281525850296
single,goldfish,0,4,54.033546447753906,54.033546447753906,0.5029916763305664,0.4549955427646637
single,goldfish,0,5,40.274044036865234,40.274044036865234,0.47038212418556213,0.35032835602760315
single,goldfish,0,6,36.399295806884766,36.399295806884766,0.47970134019851685,0.3304297924041748
single,goldfish,0,7,33.2132568359375,33.2132568359375,0.4870319068431854,0.3297986686229706
single,goldfish,0,8,55.604164123535156,55.604164123535156,0.501981794834137,0.4531104266643524
single,goldfish,0,9,42.139686584472656,42.13969039916992,0.4862428605556488,0.36528077721595764
single,goldfish,0,10,38.426597595214844,38.426597595214844,0.49674567580223083,0.341972678899765
single,goldfish,0,11,32.94967269897461,32.94967269897461,0.4924648404121399,0.3410053253173828
single,goldfish,0,12,55.9505500793457,55.9505615234375,0.4981348216533661,0.4455592632293701
single,goldfish,0,13,41.94382858276367,41.94382858276367,0.4696899354457855,0.3478643298149109
single,goldfish,0,14,34.67830276489258,34.67830276489258,0.4628365635871887,0.3191560208797455
single,goldfish,0,15,30.427936553955078,30.427936553955078,0.4657711982727051,0.32057398557662964
single,goldfish,0,16,54.3486328125,54.3486328125,0.5027084350585938,0.4527709186077118
single,goldfish,0,17,39.266639709472656,39.266639709472656,0.46840324997901917,0.34665200114250183
single,goldfish,0,18,36.90360641479492,36.90361404418945,0.4833391606807709,0.31986379623413086
single,goldfish,0,19,34.18350601196289,34.18350601196289,0.48368731141090393,0.31833797693252563
single,goldfish,1,0,48.90562438964844,48.9056282043457,0.45795121788978577,0.404750257730484
single,goldfish,1,1,42.76828384399414,42.76828384399414,0.48655834794044495,0.3143105208873749
single,goldfish,1,2,36.93705368041992,36.93705368041992,0.4824485778808594,0.29155611991882324
single,goldfish,1,3,31.218732833862305,31.218734741210938,0.4749215543270111,0.3024846017360687
single,goldfish,1,4,48.20746994018555,48.20746994018555,0.4608616828918457,0.41219839453697205
single,goldfish,1,5,38.667354583740234,38.667354583740234,0.4685353934764862,0.30890318751335144
single,goldfish,1,6,34.3194694519043,34.3194694519043,0.4767153263092041,0.29221615195274353
single,goldfish,1,7,30.690839767456055,30.690845489501953,0.47348418831825256,0.3113941252231598
single,goldfish,1,8,49.5566520690918,49.5566520690918,0.4609147608280182,0.40716859698295593
single,goldfish,1,9,39.4691162109375,39.4691162109375,0.4749120771884918,0.3180464506149292
single,goldfish,1,10,36.04105758666992,36.04105758666992,0.48566070199012756,0.2988876700401306
single,goldfish,1,11,31.050189971923828,31.050189971923828,0.4815290868282318,0.30715757608413696
single,goldfish,1,12,48.42551803588867,48.42552185058594,0.44442835450172424,0.3913891017436981
single,goldfish,1,13,39.311492919921875,39.311492919921875,0.4587700366973877,0.29856258630752563
single,goldfish,1,14,32.493690490722656,32.493690490722656,0.4511820375919342,0.2766371965408325
single,goldfish,1,15,28.253873825073242,28.253873825073242,0.447470098733902,0.28356337547302246
single,goldfish,1,16,48.75631332397461,48.756317138671875,0.4626033306121826,0.41281476616859436
single,goldfish,1,17,36.71504592895508,36.71504592895508,0.4547603726387024,0.30530664324760437
single,goldfish,1,18,33.846553802490234,33.846553802490234,0.4693267345428467,0.28789761662483215
single,goldfish,1,19,30.657184600830078,30.65718650817871,0.4651887118816376,0.31010115146636963
single,goldfish,2,0,42.857276916503906,42.857276916503906,0.4553593099117279,0.4033125936985016
single,goldfish,2,1,39.726741790771484,39.726741790771484,0.521441638469696,0.3566703796386719
single,goldfish,2,2,34.39030838012695,34.39031219482422,0.5213931202888489,0.35420721769332886
single,goldfish,2,3,29.517383575439453,29.517383575439453,0.5201103687286377,0.3559098243713379
single,goldfish,2,4,42.24176025390625,42.24176025390625,0.4564834535121918,0.405259907245636
single,goldfish,2,5,35.88270568847656,35.88270568847656,0.49818071722984314,0.3395663797855377
single,goldfish,2,6,32.40157699584961,32.40157699584961,0.5155436396598816,0.3454802334308624
single,goldfish,2,7,29.13333511352539,29.133337020874023,0.5233944654464722,0.36443468928337097
single,goldfish,2,8,43.80845260620117,43.80845260620117,0.4608278274536133,0.4057444632053375
single,goldfish,2,9,36.821319580078125,36.821319580078125,0.5038233399391174,0.34814462065696716
single,goldfish,2,10,33.79047775268555,33.79047775268555,0.5249916315078735,0.352959543466568
single,goldfish,2,11,29.297693252563477,29.297693252563477,0.5256890058517456,0.3503416180610657
single,goldfish,2,12,42.43003845214844,42.43003845214844,0.443158358335495,0.39185550808906555
single,goldfish,2,13,36.84246826171875,36.84246826171875,0.48469477891921997,0.33712249994277954
single,goldfish,2,14,30.858606338500977,30.858610153198242,0.48496952652931213,0.33088356256484985
single,goldfish,2,15,27.011457443237305,27.011457443237305,0.4884113371372223,0.33797305822372437
single,goldfish,2,16,42.990150451660156,42.990150451660156,0.46049854159355164,0.40571603178977966
single,goldfish,2,17,34.69359588623047,34.6935920715332,0.4912119507789612,0.3346439003944397
single,goldfish,2,18,32.58747482299805,32.58747482299805,0.5162039399147034,0.34326741099357605
single,goldfish,2,19,28.700204849243164,28.700204849243164,0.5078218579292297,0.34792110323905945
single,goldfish,3,0,36.565853118896484,36.565853118896484,0.4697478413581848,0.42686817049980164
single,goldfish,3,1,33.6472282409668,33.6472282409668,0.5204727053642273,0.38570502400398254
single,goldfish,3,2,28.877355575561523,28.877355575561523,0.5099506378173828,0.3617628216743469
single,goldfish,3,3,24.364017486572266,24.3640193939209,0.4975601136684418,0.35761916637420654
single,goldfish,3,4,35.910682678222656,35.910682678222656,0.47155043482780457,0.4283493161201477
single,goldfish,3,5,30.08261489868164,30.082616806030273,0.49693822860717773,0.36723586916923523
single,goldfish,3,6,26.785099029541016,26.785099029541016,0.5023455023765564,0.3515492379665375
single,goldfish,3,7,23.475814819335938,23.475814819335938,0.494793176651001,0.36382588744163513
single,goldfish,3,8,37.41569900512695,37.41569900512695,0.4755363464355469,0.43204089999198914
single,goldfish,3,9,31.2094783782959,31.2094783782959,0.5056245923042297,0.3851346969604492
single,goldfish,3,10,28.24251365661621,28.242517471313477,0.5134896636009216,0.3703136444091797
single,goldfish,3,11,24.297510147094727,24.297510147094727,0.5043514370918274,0.3658507764339447
single,goldfish,3,12,36.111358642578125,36.111358642578125,0.45621758699417114,0.412178099155426
single,goldfish,3,13,31.5152645111084,31.5152645111084,0.4914376735687256,0.36937808990478516
single,goldfish,3,14,26.407255172729492,26.407257080078125,0.48378992080688477,0.3517560660839081
single,goldfish,3,15,22.537599563598633,22.537601470947266,0.47117358446121216,0.3366764187812805
single,goldfish,3,16,36.71138381958008,36.71138381958008,0.47788459062576294,0.4340982437133789
single,goldfish,3,17,28.362573623657227,28.362573623657227,0.4851616322994232,0.3668069839477539
single,goldfish,3,18,26.2534122467041,26.2534122467041,0.4992743134498596,0.34860900044441223
single,goldfish,3,19,23.236892700195312,23.236892700195312,0.48439571261405945,0.34309321641921997
single,goldfish,4,0,39.26055145263672,39.26055145263672,0.5099233984947205,0.4559411108493805
single,goldfish,4,1,35.99614715576172,35.996150970458984,0.5480640530586243,0.3710165023803711
single,goldfish,4,2,30.45911979675293,30.45911979675293,0.5342381000518799,0.3829321563243866
single,goldfish,4,3,25.486684799194336,25.4866886138916,0.5175351500511169,0.35530194640159607
single,goldfish,4,4,38.4099006652832,38.40990447998047,0.5107312798500061,0.4577235281467438
single,goldfish,4,5,32.05385208129883,32.05385208129883,0.5209881663322449,0.345415323972702
single,goldfish,4,6,28.248703002929688,28.248701095581055,0.5291925668716431,0.3809097409248352
single,goldfish,4,7,24.717506408691406,24.717506408691406,0.522895336151123,0.3597942590713501
single,goldfish,4,8,39.73676681518555,39.73677062988281,0.5107133388519287,0.45313969254493713
single,goldfish,4,9,32.926029205322266,32.926025390625,0.5303537845611572,0.34651556611061096
single,goldfish,4,10,29.611318588256836,29.6113224029541,0.5383269190788269,0.37679171562194824
single,goldfish,4,11,24.780088424682617,24.780088424682617,0.5152519941329956,0.347240686416626
single,goldfish,4,12,38.57364273071289,38.573646545410156,0.4940051734447479,0.4430186450481415
single,goldfish,4,13,33.38638687133789,33.38638687133789,0.5080164074897766,0.3384644687175751
single,goldfish,4,14,27.1513614654541,27.1513614654541,0.49574270844459534,0.3594585657119751
single,goldfish,4,15,23.114604949951172,23.114604949951172,0.48304682970046997,0.343968003988266
single,goldfish,4,16,39.09852981567383,39.09852981567383,0.5127890706062317,0.45786991715431213
single,goldfish,4,17,30.66510581970215,30.66510581970215,0.5123718976974487,0.3373201787471771
single,goldfish,4,18,27.585996627807617,27.585996627807617,0.5170606374740601,0.36476001143455505
single,goldfish,4,19,24.124704360961914,24.124704360961914,0.4946817457675934,0.3142734169960022
single,goldfish,5,0,38.81411361694336,38.81411361694336,0.533355176448822,0.47119179368019104
single,goldfish,5,1,35.7948112487793,35.7948112487793,0.5681204199790955,0.3795525133609772
single,goldfish,5,2,30.382062911987305,30.382062911987305,0.544219970703125,0.37869036197662354
single,goldfish,5,3,25.588157653808594,25.588157653808594,0.5279198884963989,0.35446932911872864
single,goldfish,5,4,37.65598678588867,37.65598678588867,0.5337254405021667,0.4735105633735657
single,goldfish,5,5,32.58304977416992,32.58304977416992,0.5375768542289734,0.3518894910812378
single,goldfish,5,6,28.95183753967285,28.951841354370117,0.5456923842430115,0.3746841251850128
single,goldfish,5,7,24.572919845581055,24.572919845581055,0.5304095149040222,0.3548806607723236
single,goldfish,5,8,39.299381256103516,39.299381256103516,0.5351271629333496,0.46935802698135376
single,goldfish,5,9,32.807281494140625,32.807281494140625,0.5490827560424805,0.35849449038505554
single,goldfish,5,10,29.12774085998535,29.12774085998535,0.549152672290802,0.3735920488834381
single,goldfish,5,11,24.614538192749023,24.614538192749023,0.5313578248023987,0.3447980582714081
single,goldfish,5,12,38.37253952026367,38.37253952026367,0.5210810303688049,0.46193304657936096
single,goldfish,5,13,33.9771842956543,33.97718811035156,0.5308200120925903,0.34862765669822693
single,goldfish,5,14,27.474103927612305,27.474103927612305,0.5102516412734985,0.3492506146430969
single,goldfish,5,15,23.34417724609375,23.34417724609375,0.4923725128173828,0.33010974526405334
single,goldfish,5,16,38.368385314941406,38.368385314941406,0.5357152223587036,0.47134849429130554
single,goldfish,5,17,30.40570068359375,30.40570068359375,0.5201117396354675,0.3398997485637665
single,goldfish,5,18,27.15022087097168,27.150222778320312,0.5204632878303528,0.35796207189559937
single,goldfish,5,19,23.724018096923828,23.724018096923828,0.5020346641540527,0.31835731863975525
single,goldfish,6,0,35.020301818847656,35.02030563354492,0.4977743327617645,0.44512444734573364
single,goldfish,6,1,32.888771057128906,32.888771057128906,0.5164678692817688,0.36988553404808044
single,goldfish,6,2,28.15406608581543,28.154071807861328,0.49521493911743164,0.34296852350234985
single,goldfish,6,3,23.83205223083496,23.83205223083496,0.48300981521606445,0.3316567838191986
single,goldfish,6,4,33.981056213378906,33.98106002807617,0.49737951159477234,0.44431185722351074
single,goldfish,6,5,29.658966064453125,29.658966064453125,0.4901745915412903,0.34842005372047424
single,goldfish,6,6,26.26947021484375,26.26947021484375,0.49275141954421997,0.3391643464565277
single,goldfish,6,7,22.24811553955078,22.24811553955078,0.48233506083488464,0.3297581374645233
single,goldfish,6,8,35.250343322753906,35.25034713745117,0.4958705008029938,0.44202232360839844
single,goldfish,6,9,29.907764434814453,29.907764434814453,0.49649906158447266,0.35794323682785034
single,goldfish,6,10,26.96185874938965,26.96185874938965,0.49710389971733093,0.347004771232605
single,goldfish,6,11,22.836273193359375,22.836273193359375,0.4821304380893707,0.3335031270980835
single,goldfish,6,12,34.80214309692383,34.802146911621094,0.48663684725761414,0.43697625398635864
single,goldfish,6,13,31.039411544799805,31.039411544799805,0.4825471043586731,0.3463265001773834
single,goldfish,6,14,24.85006332397461,24.850065231323242,0.4564453065395355,0.320362389087677
single,goldfish,6,15,21.586624145507812,21.586626052856445,0.44281598925590515,0.3053891658782959
single,goldfish,6,16,34.830360412597656,34.830360412597656,0.5015159845352173,0.447625070810318
single,goldfish,6,17,27.99078941345215,27.99078941345215,0.4848705232143402,0.3521753251552582
single,goldfish,6,18,25.0757999420166,25.075801849365234,0.4804658889770508,0.3369472622871399
single,goldfish,6,19,21.845853805541992,21.845853805541992,0.4641866385936737,0.3147411048412323
single,goldfish,7,0,30.802204132080078,30.802204132080078,0.5186212658882141,0.45141124725341797
single,goldfish,7,1,30.492115020751953,30.492115020751953,0.5651701092720032,0.4304116368293762
single,goldfish,7,2,26.631916046142578,26.631916046142578,0.5530434846878052,0.4330455958843231
single,goldfish,7,3,22.962848663330078,22.962848663330078,0.5407155156135559,0.41828638315200806
single,goldfish,7,4,29.878843307495117,29.87884521484375,0.5163081288337708,0.44974276423454285
single,goldfish,7,5,28.095762252807617,28.095762252807617,0.5447083711624146,0.41697627305984497
single,goldfish,7,6,25.181013107299805,25.181013107299805,0.5561372637748718,0.4320332705974579
single,goldfish,7,7,21.946643829345703,21.946643829345703,0.5425102114677429,0.4294772148132324
single,goldfish,7,8,31.128814697265625,31.12881851196289,0.5166813135147095,0.44993501901626587
single,goldfish,7,9,27.541812896728516,27.541812896728516,0.5404033064842224,0.41821178793907166
single,goldfish,7,10,25.340301513671875,25.340301513671875,0.5526125431060791,0.4309186041355133
single,goldfish,7,11,22.037736892700195,22.037736892700195,0.5433101058006287,0.4263300895690918
single,goldfish,7,12,29.726022720336914,29.72602653503418,0.4973388612270355,0.4343336522579193
single,goldfish,7,13,28.899311065673828,28.899311065673828,0.5288095474243164,0.4090719223022461
single,goldfish,7,14,23.613265991210938,23.61326789855957,0.5105957388877869,0.3893629014492035
single,goldfish,7,15,20.349159240722656,20.34916114807129,0.49323320388793945,0.3778913915157318
single,goldfish,7,16,30.480260848999023,30.480260848999023,0.5180122256278992,0.4500328004360199
single,goldfish,7,17,26.195363998413086,26.19536781311035,0.5339803099632263,0.4127599895000458
single,goldfish,7,18,23.844633102416992,23.844635009765625,0.5467151999473572,0.42694970965385437
single,goldfish,7,19,21.326732635498047,21.326732635498047,0.5133990049362183,0.39126959443092346
single,goldfish,8,0,31.436182022094727,31.436182022094727,0.5317289233207703,0.4655521512031555
single,goldfish,8,1,32.95078659057617,32.95078659057617,0.5859037637710571,0.4257793426513672
single,goldfish,8,2,28.153350830078125,28.153356552124023,0.5611293315887451,0.3829517960548401
single,goldfish,8,3,23.282804489135742,23.282804489135742,0.540752112865448,0.38254839181900024
single,goldfish,8,4,30.727054595947266,30.727054595947266,0.5339822173118591,0.4654138684272766
single,goldfish,8,5,30.590356826782227,30.590356826782227,0.5708145499229431,0.421532541513443
single,goldfish,8,6,26.462156295776367,26.462156295776367,0.56910240650177,0.39418861269950867
single,goldfish,8,7,22.522974014282227,22.522974014282227,0.5544959902763367,0.3916661739349365
single,goldfish,8,8,32.22871017456055,32.22871017456055,0.5365421175956726,0.46786075830459595
single,goldfish,8,9,30.139402389526367,30.139402389526367,0.5646107792854309,0.4262833297252655
single,goldfish,8,10,26.90119743347168,26.901199340820312,0.5650045275688171,0.3959413468837738
single,goldfish,8,11,22.196624755859375,22.196626663208008,0.5474072694778442,0.38467100262641907
single,goldfish,8,12,30.643346786499023,30.643346786499023,0.5156122446060181,0.4568703770637512
single,goldfish,8,13,32.15924835205078,32.15925216674805,0.55502849817276,0.4060693383216858
single,goldfish,8,14,25.369970321655273,25.369970321655273,0.5256670117378235,0.3610898554325104
single,goldfish,8,15,21.52443504333496,21.52443504333496,0.5107889771461487,0.3582959473133087
single,goldfish,8,16,31.81233024597168,31.81233024597168,0.5426991581916809,0.47401341795921326
single,goldfish,8,17,27.168848037719727,27.168848037719727,0.5393487215042114,0.40075358748435974
single,goldfish,8,18,23.828109741210938,23.82811164855957,0.5437116026878357,0.3724782168865204
single,goldfish,8,19,20.798791885375977,20.798791885375977,0.5169970393180847,0.35135790705680847
single,goldfish,9,0,31.284910202026367,31.284912109375,0.49367353320121765,0.4534655511379242
single,goldfish,9,1,30.351041793823242,30.351043701171875,0.5097393989562988,0.39067181944847107
single,goldfish,9,2,25.665494918823242,25.665494918823242,0.4821488857269287,0.36244937777519226
single,goldfish,9,3,22.80689811706543,22.80689811706543,0.5003853440284729,0.35137853026390076
single,goldfish,9,4,30.308237075805664,30.30824089050293,0.4893246591091156,0.4456775188446045
single,goldfish,9,5,28.430532455444336,28.430532455444336,0.488934725522995,0.3719066381454468
single,goldfish,9,6,24.45548439025879,24.45548439025879,0.49428462982177734,0.3667730987071991
single,goldfish,9,7,20.666990280151367,20.666990280151367,0.4793165326118469,0.34570494294166565
single,goldfish,9,8,31.7801513671875,31.7801513671875,0.4911593496799469,0.44779452681541443
single,goldfish,9,9,28.215167999267578,28.21516990661621,0.49948015809059143,0.3905881345272064
single,goldfish,9,10,24.76155662536621,24.76155662536621,0.4898340702056885,0.37347176671028137
single,goldfish,9,11,21.35599136352539,21.355993270874023,0.5030064582824707,0.36999601125717163
single,goldfish,9,12,30.42574119567871,30.425745010375977,0.4790650010108948,0.4427889883518219
single,goldfish,9,13,30.30647087097168,30.306472778320312,0.4836132228374481,0.3747187554836273
single,goldfish,9,14,23.325597763061523,23.325599670410156,0.4520224630832672,0.33185014128685
single,goldfish,9,15,20.182907104492188,20.182907104492188,0.45226427912712097,0.3234270513057709
single,goldfish,9,16,31.257421493530273,31.257421493530273,0.49708065390586853,0.4533003866672516
single,goldfish,9,17,26.1893310546875,26.1893310546875,0.4869050681591034,0.3740938603878021
single,goldfish,9,18,22.439111709594727,22.439111709594727,0.4900425970554352,0.35526007413864136
single,goldfish,9,19,19.9639835357666,19.9639835357666,0.46681123971939087,0.3179151117801666
single,goldfish,10,0,29.409509658813477,29.409509658813477,0.524368405342102,0.4757874011993408
single,goldfish,10,1,28.523197174072266,28.5231990814209,0.5398849844932556,0.37115535140037537
single,goldfish,10,2,25.132673263549805,25.132673263549805,0.5201355814933777,0.37789472937583923
single,goldfish,10,3,22.566843032836914,22.566843032836914,0.5115978121757507,0.37474319338798523
single,goldfish,10,4,28.865976333618164,28.865976333618164,0.5245527029037476,0.47360363602638245
single,goldfish,10,5,26.34429931640625,26.34429931640625,0.5309634208679199,0.386820524930954
single,goldfish,10,6,23.8889217376709,23.8889217376709,0.5343595743179321,0.38884466886520386
single,goldfish,10,7,21.498313903808594,21.49831199645996,0.5154015421867371,0.37372535467147827
single,goldfish,10,8,30.140989303588867,30.140989303588867,0.5290080904960632,0.47556397318840027
single,goldfish,10,9,25.64949607849121,25.649499893188477,0.5226099491119385,0.36871904134750366
single,goldfish,10,10,23.582298278808594,23.582300186157227,0.5164316296577454,0.3624044358730316
single,goldfish,10,11,20.490478515625,20.490476608276367,0.5081592798233032,0.35899490118026733
single,goldfish,10,12,28.1790828704834,28.1790828704834,0.500901460647583,0.4550493359565735
single,goldfish,10,13,28.151456832885742,28.151456832885742,0.5279715657234192,0.3821661174297333
single,goldfish,10,14,22.77447509765625,22.77447509765625,0.49090805649757385,0.3503116965293884
single,goldfish,10,15,20.496540069580078,20.496540069580078,0.4913475215435028,0.36819493770599365
single,goldfish,10,16,29.3868408203125,29.3868408203125,0.5293799638748169,0.4758625030517578
single,goldfish,10,17,24.125795364379883,24.125795364379883,0.505487859249115,0.3719652593135834
single,goldfish,10,18,21.59077262878418,21.59077262878418,0.5097805857658386,0.3607241213321686
single,goldfish,10,19,19.569730758666992,19.569730758666992,0.4814637303352356,0.3392062187194824
single,goldfish,11,0,28.901086807250977,28.901086807250977,0.5055477023124695,0.44321852922439575
single,goldfish,11,1,27.7982234954834,27.7982234954834,0.5166702270507812,0.34042447805404663
single,goldfish,11,2,24.850784301757812,24.850786209106445,0.5010728240013123,0.35428401827812195
single,goldfish,11,3,23.31302261352539,23.313024520874023,0.4940136969089508,0.3607349395751953
single,goldfish,11,4,28.346776962280273,28.346776962280273,0.506872296333313,0.4433326721191406
single,goldfish,11,5,25.001367568969727,25.001367568969727,0.5004702806472778,0.32431456446647644
single,goldfish,11,6,23.77606773376465,23.77606773376465,0.5111009478569031,0.3567756116390228
single,goldfish,11,7,22.075849533081055,22.075851440429688,0.49668875336647034,0.35427725315093994
single,goldfish,11,8,29.035261154174805,29.035261154174805,0.5028009414672852,0.4374111592769623
single,goldfish,11,9,24.459043502807617,24.459043502807617,0.48989200592041016,0.3213384747505188
single,goldfish,11,10,22.808481216430664,22.808483123779297,0.4866049885749817,0.3266206681728363
single,goldfish,11,11,19.9692440032959,19.9692440032959,0.4727250039577484,0.32310447096824646
single,goldfish,11,12,28.21747398376465,28.21747398376465,0.49140557646751404,0.43084439635276794
single,goldfish,11,13,25.571958541870117,25.571958541870117,0.4869976043701172,0.32730817794799805
single,goldfish,11,14,21.728832244873047,21.728832244873047,0.4642535150051117,0.33008328080177307
single,goldfish,11,15,20.591672897338867,20.5916748046875,0.47373318672180176,0.3546842634677887
single,goldfish,11,16,28.93631935119629,28.93631935119629,0.5095229744911194,0.4419611096382141
single,goldfish,11,17,23.791139602661133,23.791139602661133,0.4892387390136719,0.3234443664550781
single,goldfish,11,18,22.757505416870117,22.75750732421875,0.5076798796653748,0.3483824133872986
single,goldfish,11,19,21.02254295349121,21.02254295349121,0.4816989004611969,0.332929402589798
single,goldfish,12,0,29.013051986694336,29.013050079345703,0.513267993927002,0.46822014451026917
single,goldfish,12,1,27.9778995513916,27.9778995513916,0.5233784317970276,0.34993839263916016
single,goldfish,12,2,24.26289176940918,24.26289176940918,0.5058285593986511,0.36280250549316406
single,goldfish,12,3,21.66324806213379,21.66324806213379,0.5157427191734314,0.35569867491722107
single,goldfish,12,4,28.273639678955078,28.27363395690918,0.5081744194030762,0.4609967768192291
single,goldfish,12,5,24.765981674194336,24.765981674194336,0.5136315226554871,0.34677353501319885
single,goldfish,12,6,23.04737663269043,23.04737663269043,0.5104562640190125,0.36865144968032837
single,goldfish,12,7,19.62476348876953,19.62476348876953,0.4775625169277191,0.3332415819168091
single,goldfish,12,8,29.356679916381836,29.356679916381836,0.5113632082939148,0.46581679582595825
single,goldfish,12,9,24.711605072021484,24.711605072021484,0.5056024789810181,0.34614986181259155
single,goldfish,12,10,22.57826805114746,22.57826805114746,0.4980711042881012,0.35342520475387573
single,goldfish,12,11,18.894983291625977,18.894983291625977,0.4814193844795227,0.3295690715312958
single,goldfish,12,12,27.77207374572754,27.772069931030273,0.4916180670261383,0.4499405324459076
single,goldfish,12,13,25.53388786315918,25.53388786315918,0.5029146075248718,0.34474143385887146
single,goldfish,12,14,21.369665145874023,21.369665145874023,0.4702889919281006,0.3301062285900116
single,goldfish,12,15,18.764877319335938,18.764877319335938,0.4803497791290283,0.34486979246139526
single,goldfish,12,16,28.834020614624023,28.834020614624023,0.5138997435569763,0.4666178822517395
single,goldfish,12,17,22.014867782592773,22.014867782592773,0.4820605218410492,0.3165644705295563
single,goldfish,12,18,20.70136070251465,20.70136070251465,0.48847493529319763,0.3348030745983124
single,goldfish,12,19,18.501251220703125,18.501251220703125,0.4579404890537262,0.3037155568599701
single,goldfish,13,0,30.626022338867188,30.626026153564453,0.5143953561782837,0.4560096263885498
single,goldfish,13,1,28.235610961914062,28.23560905456543,0.5065531730651855,0.347286194562912
single,goldfish,13,2,25.226028442382812,25.226028442382812,0.49964210391044617,0.33146175742149353
single,goldfish,13,3,23.278249740600586,23.27825164794922,0.5207653045654297,0.33026063442230225
single,goldfish,13,4,30.015554428100586,30.015554428100586,0.5138687491416931,0.45432862639427185
single,goldfish,13,5,23.958419799804688,23.958419799804688,0.4866809844970703,0.3212020993232727
single,goldfish,13,6,24.779541015625,24.779541015625,0.5140257477760315,0.35648539662361145
single,goldfish,13,7,21.197404861450195,21.197404861450195,0.4677484929561615,0.2865333557128906
single,goldfish,13,8,30.081533432006836,30.081533432006836,0.5072078108787537,0.44609156250953674
single,goldfish,13,9,24.73580551147461,24.735807418823242,0.47294655442237854,0.32110872864723206
single,goldfish,13,10,23.78982925415039,23.78982925415039,0.48902130126953125,0.3259105682373047
single,goldfish,13,11,20.06865882873535,20.06865882873535,0.4708712100982666,0.31684526801109314
single,goldfish,13,12,29.716907501220703,29.716909408569336,0.4989876449108124,0.43853044509887695
single,goldfish,13,13,24.163795471191406,24.163793563842773,0.46118220686912537,0.28795453906059265
single,goldfish,13,14,22.31625747680664,22.31625747680664,0.4635988771915436,0.3158667981624603
single,goldfish,13,15,19.927881240844727,19.927881240844727,0.47043442726135254,0.2937365174293518
single,goldfish,13,16,30.3864803314209,30.3864803314209,0.5233120918273926,0.4655071198940277
single,goldfish,13,17,21.995567321777344,21.995569229125977,0.47053179144859314,0.3011809289455414
single,goldfish,13,18,23.293445587158203,23.293445587158203,0.502974271774292,0.36094149947166443
single,goldfish,13,19,22.041852951049805,22.041852951049805,0.49616074562072754,0.3122897446155548
single,goldfish,14,0,28.296070098876953,28.296070098876953,0.47100383043289185,0.42876431345939636
single,goldfish,14,1,26.811538696289062,26.811542510986328,0.47648975253105164,0.31261178851127625
single,goldfish,14,2,23.961490631103516,23.961490631103516,0.4729161858558655,0.3369423449039459
single,goldfish,14,3,24.14301109313965,24.143014907836914,0.5209100842475891,0.3331991732120514
single,goldfish,14,4,27.995580673217773,27.99558448791504,0.4741937816143036,0.4310230314731598
single,goldfish,14,5,23.69170570373535,23.69170570373535,0.4704245626926422,0.2984914779663086
single,goldfish,14,6,23.828712463378906,23.828712463378906,0.48307323455810547,0.3399651050567627
single,goldfish,14,7,22.58694076538086,22.586942672729492,0.47560831904411316,0.31967893242836
single,goldfish,14,8,28.355701446533203,28.355701446533203,0.4667205810546875,0.42151352763175964
single,goldfish,14,9,23.593935012817383,23.593935012817383,0.4501955211162567,0.2990390658378601
single,goldfish,14,10,22.417285919189453,22.417285919189453,0.4581305980682373,0.31788989901542664
single,goldfish,14,11,20.933773040771484,20.933773040771484,0.46843433380126953,0.3200783431529999
single,goldfish,14,12,27.319366455078125,27.319366455078125,0.45049849152565,0.40617313981056213
single,goldfish,14,13,23.5543270111084,23.5543270111084,0.45093056559562683,0.2831879258155823
single,goldfish,14,14,21.843114852905273,21.843114852905273,0.44710206985473633,0.3165300786495209
single,goldfish,14,15,21.33558464050293,21.33558464050293,0.47946882247924805,0.307849258184433
single,goldfish,14,16,27.84588623046875,27.84588623046875,0.4734862446784973,0.4265134930610657
single,goldfish,14,17,21.96099281311035,21.96099281311035,0.4524174630641937,0.2956897020339966
single,goldfish,14,18,22.283010482788086,22.28301429748535,0.4683583676815033,0.3156956732273102
single,goldfish,14,19,22.413436889648438,22.41343879699707,0.4911556839942932,0.31812167167663574
single,goldfish,15,0,31.127506256103516,31.127506256103516,0.465287446975708,0.40228748321533203
single,goldfish,15,1,29.85914421081543,29.85914421081543,0.4775516092777252,0.30689504742622375
single,goldfish,15,2,27.164960861206055,27.164960861206055,0.46774086356163025,0.32990607619285583
single,goldfish,15,3,26.147571563720703,26.147573471069336,0.4792535901069641,0.3371739685535431
single,goldfish,15,4,30.236774444580078,30.236774444580078,0.46244803071022034,0.4052709639072418
single,goldfish,15,5,26.09708023071289,26.097082138061523,0.4656680226325989,0.28215837478637695
single,goldfish,15,6,27.197202682495117,27.197202682495117,0.4882093369960785,0.3440670967102051
single,goldfish,15,7,23.733976364135742,23.733976364135742,0.4430447220802307,0.2848196029663086
single,goldfish,15,8,30.497156143188477,30.497161865234375,0.4512573778629303,0.39148059487342834
single,goldfish,15,9,26.44827651977539,26.44827651977539,0.45317408442497253,0.28857529163360596
single,goldfish,15,10,26.337284088134766,26.337284088134766,0.46404457092285156,0.3100161850452423
single,goldfish,15,11,22.507631301879883,22.507633209228516,0.42778849601745605,0.2851586639881134
single,goldfish,15,12,30.1783504486084,30.1783504486084,0.45302850008010864,0.39164575934410095
single,goldfish,15,13,25.94046401977539,25.940465927124023,0.4390699863433838,0.26236552000045776
single,goldfish,15,14,24.25912857055664,24.25912857055664,0.4350799024105072,0.3138805031776428
single,goldfish,15,15,23.312551498413086,23.31255531311035,0.45050379633903503,0.3137193024158478
single,goldfish,15,16,29.864660263061523,29.86466407775879,0.4548497200012207,0.3929916322231293
single,goldfish,15,17,23.412275314331055,23.412275314331055,0.4252717196941376,0.30503493547439575
single,goldfish,15,18,25.802154541015625,25.80215835571289,0.4741106927394867,0.3306858539581299
single,goldfish,15,19,25.834339141845703,25.834339141845703,0.48202648758888245,0.3235204517841339
single,goldfish,16,0,29.163862228393555,29.163862228393555,0.4536164402961731,0.3983392119407654
single,goldfish,16,1,26.66786766052246,26.66786766052246,0.4669412672519684,0.2887840270996094
single,goldfish,16,2,25.046945571899414,25.046947479248047,0.4481216073036194,0.32599446177482605
single,goldfish,16,3,24.82229232788086,24.82229232788086,0.5014943480491638,0.3384260833263397
single,goldfish,16,4,28.53778648376465,28.53778648376465,0.449724018573761,0.3959313631057739
single,goldfish,16,5,23.492870330810547,23.49287223815918,0.47899341583251953,0.27639397978782654
single,goldfish,16,6,24.44611167907715,24.44611167907715,0.4800378978252411,0.34089866280555725
single,goldfish,16,7,22.337512969970703,22.337514877319336,0.4557178020477295,0.27785831689834595
single,goldfish,16,8,29.217687606811523,29.217687606811523,0.4449256956577301,0.38990873098373413
single,goldfish,16,9,24.199899673461914,24.19990348815918,0.4632296562194824,0.281898558139801
single,goldfish,16,10,23.769819259643555,23.769819259643555,0.4503156840801239,0.305032342672348
single,goldfish,16,11,21.401704788208008,21.40170669555664,0.44159433245658875,0.29769545793533325
single,goldfish,16,12,27.674259185791016,27.674259185791016,0.4292928874492645,0.3752642273902893
single,goldfish,16,13,22.94142723083496,22.94142723083496,0.44105765223503113,0.2739315927028656
single,goldfish,16,14,22.671396255493164,22.671398162841797,0.419697105884552,0.304755300283432
single,goldfish,16,15,21.924846649169922,21.924846649169922,0.4545837342739105,0.30511268973350525
single,goldfish,16,16,29.07822036743164,29.078222274780273,0.4548020362854004,0.3958325982093811
single,goldfish,16,17,22.0609073638916,22.060909271240234,0.45120105147361755,0.2887295186519623
single,goldfish,16,18,24.133087158203125,24.133087158203125,0.47742605209350586,0.3104012906551361
single,goldfish,16,19,22.578092575073242,22.578094482421875,0.456691712141037,0.3103376030921936
single,goldfish,17,0,25.55799102783203,25.55799102783203,0.4433286786079407,0.3954209089279175
single,goldfish,17,1,23.984140396118164,23.984140396118164,0.43284153938293457,0.29447856545448303
single,goldfish,17,2,23.8637752532959,23.8637752532959,0.4270315170288086,0.30366331338882446
single,goldfish,17,3,21.070180892944336,21.070180892944336,0.41638699173927307,0.3078802227973938
single,goldfish,17,4,24.433612823486328,24.433612823486328,0.4297997057437897,0.38594308495521545
single,goldfish,17,5,20.438762664794922,20.438762664794922,0.4517136216163635,0.31053289771080017
single,goldfish,17,6,22.682613372802734,22.682613372802734,0.4671228528022766,0.33427849411964417
single,goldfish,17,7,20.583709716796875,20.583709716796875,0.43608298897743225,0.29954251646995544
single,goldfish,17,8,24.912126541137695,24.912126541137695,0.4293678402900696,0.3864491879940033
single,goldfish,17,9,20.556865692138672,20.556865692138672,0.43073365092277527,0.2821440100669861
single,goldfish,17,10,22.001800537109375,22.001800537109375,0.4321986734867096,0.30425530672073364
single,goldfish,17,11,18.211111068725586,18.211111068725586,0.364619642496109,0.26345357298851013
single,goldfish,17,12,24.656368255615234,24.656368255615234,0.42519423365592957,0.3745371997356415
single,goldfish,17,13,19.76028823852539,19.760290145874023,0.3992256224155426,0.26021239161491394
single,goldfish,17,14,21.562650680541992,21.562650680541992,0.3946937024593353,0.29646047949790955
single,goldfish,17,15,20.224977493286133,20.224977493286133,0.42702722549438477,0.31580474972724915
single,goldfish,17,16,24.519695281982422,24.519695281982422,0.43165141344070435,0.3863217830657959
single,goldfish,17,17,19.894784927368164,19.894784927368164,0.41435620188713074,0.24590769410133362
single,goldfish,17,18,24.03108024597168,24.031078338623047,0.476489394903183,0.34136414527893066
single,goldfish,17,19,20.890295028686523,20.890295028686523,0.4152827858924866,0.30126339197158813
single,goldfish,18,0,22.748212814331055,22.748212814331055,0.44353675842285156,0.39806807041168213
single,goldfish,18,1,21.170215606689453,21.170215606689453,0.43464022874832153,0.3318168520927429
single,goldfish,18,2,20.97587013244629,20.975872039794922,0.41122063994407654,0.2976441979408264
single,goldfish,18,3,23.71047019958496,23.710472106933594,0.49988290667533875,0.3402198255062103
single,goldfish,18,4,22.67618751525879,22.67618751525879,0.4386902451515198,0.3982885181903839
single,goldfish,18,5,17.148433685302734,17.148433685302734,0.450813353061676,0.33692705631256104
single,goldfish,18,6,19.602285385131836,19.602285385131836,0.4512596130371094,0.3477010726928711
single,goldfish,18,7,18.995311737060547,18.995311737060547,0.42904016375541687,0.30957818031311035
single,goldfish,18,8,22.768192291259766,22.768192291259766,0.43357664346694946,0.3943040668964386
single,goldfish,18,9,18.89517593383789,18.89517593383789,0.45858725905418396,0.340116411447525
single,goldfish,18,10,19.008466720581055,19.008466720581055,0.4194706082344055,0.32050368189811707
single,goldfish,18,11,18.3132266998291,18.313228607177734,0.40479961037635803,0.29498204588890076
single,goldfish,18,12,22.059707641601562,22.059707641601562,0.42219439148902893,0.3797179162502289
single,goldfish,18,13,16.749252319335938,16.749252319335938,0.3949221670627594,0.28122177720069885
single,goldfish,18,14,18.97651481628418,18.97651481628418,0.37431034445762634,0.2721473276615143
single,goldfish,18,15,19.465106964111328,19.46510887145996,0.42812028527259827,0.2825727164745331
single,goldfish,18,16,22.112548828125,22.112548828125,0.43852072954177856,0.4042240083217621
single,goldfish,18,17,19.878618240356445,19.878618240356445,0.4482307434082031,0.30196329951286316
single,goldfish,18,18,22.4724178314209,22.472421646118164,0.4777611792087555,0.3617883622646332
single,goldfish,18,19,19.042861938476562,19.042863845825195,0.4209152162075043,0.3126615583896637
single,goldfish,19,0,19.552988052368164,19.552988052368164,0.43902045488357544,0.3602072596549988
single,goldfish,19,1,18.749326705932617,18.749326705932617,0.4168207347393036,0.2751390337944031
single,goldfish,19,2,19.132596969604492,19.132596969604492,0.4076198637485504,0.29595479369163513
single,goldfish,19,3,21.23028564453125,21.23028564453125,0.464796781539917,0.34373852610588074
single,goldfish,19,4,18.391111373901367,18.391111373901367,0.4255668818950653,0.353091299533844
single,goldfish,19,5,15.950514793395996,15.950515747070312,0.42075473070144653,0.2608191668987274
single,goldfish,19,6,18.805810928344727,18.805810928344727,0.4424493908882141,0.3146167993545532
single,goldfish,19,7,18.565614700317383,18.565614700317383,0.4175735414028168,0.2710905969142914
single,goldfish,19,8,18.686527252197266,18.686527252197266,0.4221116006374359,0.3603227734565735
single,goldfish,19,9,16.5966854095459,16.5966854095459,0.4277474582195282,0.2591647803783417
single,goldfish,19,10,17.724166870117188,17.724166870117188,0.4028693735599518,0.27755433320999146
single,goldfish,19,11,17.208703994750977,17.208703994750977,0.38322874903678894,0.26617830991744995
single,goldfish,19,12,18.797327041625977,18.797327041625977,0.4217097759246826,0.3429330587387085
single,goldfish,19,13,14.540921211242676,14.540921211242676,0.35896214842796326,0.22727230191230774
single,goldfish,19,14,17.453083038330078,17.45308494567871,0.38617387413978577,0.2785341739654541
single,goldfish,19,15,17.499624252319336,17.499624252319336,0.42482224106788635,0.31463655829429626
single,goldfish,19,16,17.53629493713379,17.53629493713379,0.41592922806739807,0.3559773862361908
single,goldfish,19,17,17.06121063232422,17.06121063232422,0.40113696455955505,0.24073269963264465
single,goldfish,19,18,20.81583023071289,20.81583023071289,0.4633435904979706,0.3221575915813446
single,goldfish,19,19,17.463998794555664,17.463998794555664,0.39359116554260254,0.2910718619823456
single,goldfish,20,0,20.454160690307617,20.454160690307617,0.43774405121803284,0.3874163329601288
single,goldfish,20,1,19.47120475769043,19.47120475769043,0.40328142046928406,0.2631776034832001
single,goldfish,20,2,21.04214096069336,21.042142868041992,0.39468178153038025,0.2890962064266205
single,goldfish,20,3,24.41201400756836,24.41201400756836,0.45532169938087463,0.3344244658946991
single,goldfish,20,4,19.002689361572266,19.0026912689209,0.4122532904148102,0.36639413237571716
single,goldfish,20,5,17.5245361328125,17.524538040161133,0.436002641916275,0.26523512601852417
single,goldfish,20,6,19.742902755737305,19.742904663085938,0.4267432689666748,0.3107808530330658
single,goldfish,20,7,20.230863571166992,20.230863571166992,0.4035082459449768,0.24917297065258026
single,goldfish,20,8,19.807836532592773,19.807838439941406,0.4087464511394501,0.37592583894729614
single,goldfish,20,9,15.877062797546387,15.877062797546387,0.4111799895763397,0.24328647553920746
single,goldfish,20,10,18.196279525756836,18.196279525756836,0.3913997709751129,0.2698673903942108
single,goldfish,20,11,18.369291305541992,18.369293212890625,0.3849991261959076,0.27843472361564636
single,goldfish,20,12,18.974287033081055,18.974287033081055,0.39637669920921326,0.3490453064441681
single,goldfish,20,13,15.619499206542969,15.619501113891602,0.3600582182407379,0.22970600426197052
single,goldfish,20,14,18.194072723388672,18.194072723388672,0.3508959710597992,0.26638346910476685
single,goldfish,20,15,20.43404197692871,20.43404197692871,0.42066335678100586,0.31614094972610474
single,goldfish,20,16,18.846723556518555,18.846723556518555,0.4082155227661133,0.3692629933357239
single,goldfish,20,17,22.045988082885742,22.045988082885742,0.4385867714881897,0.28148674964904785
single,goldfish,20,18,22.063817977905273,22.06382179260254,0.43282318115234375,0.3013048768043518
single,goldfish,20,19,19.972103118896484,19.972105026245117,0.41290998458862305,0.28714773058891296
single,goldfish,21,0,17.595739364624023,17.595739364624023,0.43801409006118774,0.40110012888908386
single,goldfish,21,1,17.360151290893555,17.360151290893555,0.3837439715862274,0.2703815996646881
single,goldfish,21,2,20.67714500427246,20.67714500427246,0.3854488134384155,0.2774899899959564
single,goldfish,21,3,31.3893985748291,31.3893985748291,0.5330235362052917,0.3816154897212982
single,goldfish,21,4,16.55303955078125,16.55303955078125,0.40962234139442444,0.38401564955711365
single,goldfish,21,5,17.680204391479492,17.680204391479492,0.4396379590034485,0.28162524104118347
single,goldfish,21,6,19.504972457885742,19.504972457885742,0.43862414360046387,0.3067619502544403
single,goldfish,21,7,21.23440170288086,21.23440170288086,0.4139575958251953,0.2604362666606903
single,goldfish,21,8,18.058164596557617,18.058164596557617,0.4293332099914551,0.4006952941417694
single,goldfish,21,9,15.280255317687988,15.280255317687988,0.4203566014766693,0.2642824053764343
single,goldfish,21,10,16.738584518432617,16.738584518432617,0.3878858685493469,0.26493605971336365
single,goldfish,21,11,22.57343864440918,22.57343864440918,0.4469149708747864,0.32047200202941895
single,goldfish,21,12,16.881803512573242,16.881805419921875,0.4066072106361389,0.3749353885650635
single,goldfish,21,13,16.341894149780273,16.341894149780273,0.3817707300186157,0.256897509098053
single,goldfish,21,14,18.56673240661621,18.56673240661621,0.35416722297668457,0.24630890786647797
single,goldfish,21,15,22.69999122619629,22.699993133544922,0.44471389055252075,0.28893622756004333
single,goldfish,21,16,17.54944610595703,17.54944610595703,0.4254109561443329,0.38999804854393005
single,goldfish,21,17,24.733823776245117,24.73382568359375,0.4672420620918274,0.3560657799243927
single,goldfish,21,18,22.161380767822266,22.161380767822266,0.4545864164829254,0.31013941764831543
single,goldfish,21,19,21.763288497924805,21.763288497924805,0.44391074776649475,0.30875176191329956
single,goldfish,22,0,15.698752403259277,15.698752403259277,0.44721657037734985,0.40057888627052307
single,goldfish,22,1,15.2553071975708,15.2553071975708,0.3887016177177429,0.26158320903778076
single,goldfish,22,2,21.076269149780273,21.076269149780273,0.4122404158115387,0.3008427619934082
single,goldfish,22,3,32.46049118041992,32.46049499511719,0.5202484130859375,0.34123003482818604
single,goldfish,22,4,14.869867324829102,14.86987018585205,0.4173603951931,0.38257986307144165
single,goldfish,22,5,16.678632736206055,16.678632736206055,0.4593518376350403,0.33040374517440796
single,goldfish,22,6,19.004962921142578,19.004962921142578,0.4629935324192047,0.35266485810279846
single,goldfish,22,7,22.21999168395996,22.21999168395996,0.46728572249412537,0.335376501083374
single,goldfish,22,8,16.184545516967773,16.184545516967773,0.43045711517333984,0.39829322695732117
single,goldfish,22,9,12.942216873168945,12.942217826843262,0.4144575297832489,0.2625243663787842
single,goldfish,22,10,16.513574600219727,16.513574600219727,0.4156666696071625,0.2991165816783905
single,goldfish,22,11,23.042831420898438,23.042831420898438,0.44972583651542664,0.3035804331302643
single,goldfish,22,12,15.161737442016602,15.161737442016602,0.4172881245613098,0.37404724955558777
single,goldfish,22,13,15.5288724899292,15.5288724899292,0.3933880031108856,0.2956300377845764
single,goldfish,22,14,18.119016647338867,18.119016647338867,0.37032443284988403,0.26584333181381226
single,goldfish,22,15,24.555553436279297,24.555553436279297,0.44701337814331055,0.299393892288208
single,goldfish,22,16,16.082683563232422,16.082683563232422,0.4410613477230072,0.40456151962280273
single,goldfish,22,17,24.808334350585938,24.80833625793457,0.48512616753578186,0.36603283882141113
single,goldfish,22,18,19.493515014648438,19.49351692199707,0.45577940344810486,0.3251788318157196
single,goldfish,22,19,23.19112777709961,23.19112777709961,0.4518982470035553,0.32061195373535156
single,goldfish,23,0,16.37872886657715,16.37872886657715,0.405399888753891,0.37448713183403015
single,goldfish,23,1,15.94872760772705,15.94872760772705,0.3325943946838379,0.19921933114528656
single,goldfish,23,2,24.58631706237793,24.58631706237793,0.3765283524990082,0.2707320749759674
single,goldfish,23,3,53.63478469848633,53.63478469848633,0.5230751037597656,0.36887022852897644
single,goldfish,23,4,16.119186401367188,16.119186401367188,0.39114654064178467,0.3604040741920471
single,goldfish,23,5,19.779348373413086,19.779348373413086,0.3962738513946533,0.2625453472137451
single,goldfish,23,6,20.265735626220703,20.265735626220703,0.3756590783596039,0.2662900686264038
single,goldfish,23,7,26.602094650268555,26.602096557617188,0.39116528630256653,0.25903764367103577
single,goldfish,23,8,17.18581199645996,17.185815811157227,0.38321229815483093,0.36093637347221375
single,goldfish,23,9,14.4171142578125,14.4171142578125,0.37258586287498474,0.2177714854478836
single,goldfish,23,10,17.171630859375,17.171630859375,0.3454052209854126,0.22512154281139374
single,goldfish,23,11,37.68403244018555,37.68403244018555,0.4321361482143402,0.28279954195022583
single,goldfish,23,12,15.348520278930664,15.348520278930664,0.37053385376930237,0.3358010947704315
single,goldfish,23,13,18.748071670532227,18.74807357788086,0.34955263137817383,0.2397576868534088
single,goldfish,23,14,19.83389663696289,19.83389663696289,0.32806044816970825,0.2299438714981079
single,goldfish,23,15,35.141746520996094,35.14175033569336,0.43773937225341797,0.3108592927455902
single,goldfish,23,16,16.928970336914062,16.928972244262695,0.39252638816833496,0.3671674430370331
single,goldfish,23,17,32.63669967651367,32.63669967651367,0.4670026898384094,0.3534276485443115
single,goldfish,23,18,22.104907989501953,22.104909896850586,0.40537068247795105,0.26079678535461426
single,goldfish,23,19,36.49821853637695,36.49821853637695,0.425219863653183,0.30090001225471497
single,goldfish,24,0,15.115005493164062,15.115005493164062,0.42024126648902893,0.3796061873435974
single,goldfish,24,1,17.774145126342773,17.774145126342773,0.35108405351638794,0.20163603127002716
single,goldfish,24,2,25.27057456970215,25.270578384399414,0.36722061038017273,0.2274693250656128
single,goldfish,24,3,54.434417724609375,54.434425354003906,0.5114297866821289,0.32421979308128357
single,goldfish,24,4,14.226203918457031,14.226203918457031,0.3991376459598541,0.36721524596214294
single,goldfish,24,5,21.200714111328125,21.200714111328125,0.4033840298652649,0.255742609500885
single,goldfish,24,6,23.05372428894043,23.05372428894043,0.39231401681900024,0.2429656833410263
single,goldfish,24,7,27.43226432800293,27.432266235351562,0.39581814408302307,0.24161700904369354
single,goldfish,24,8,15.686535835266113,15.686535835266113,0.4000343978404999,0.36474037170410156
single,goldfish,24,9,14.518882751464844,14.518882751464844,0.3696029782295227,0.20349083840847015
single,goldfish,24,10,19.436279296875,19.436281204223633,0.35843783617019653,0.21525636315345764
single,goldfish,24,11,37.789730072021484,37.789730072021484,0.42557722330093384,0.255310982465744
single,goldfish,24,12,13.788019180297852,13.788019180297852,0.3835965096950531,0.3479336202144623
single,goldfish,24,13,19.76700782775879,19.767009735107422,0.34929269552230835,0.23880504071712494
single,goldfish,24,14,20.98358154296875,20.983585357666016,0.3353177607059479,0.20225675404071808
single,goldfish,24,15,38.21940994262695,38.219417572021484,0.4482209384441376,0.2871553897857666
single,goldfish,24,16,14.380528450012207,14.380528450012207,0.37671515345573425,0.338418573141098
single,goldfish,24,17,31.159006118774414,31.159006118774414,0.4579741954803467,0.3413243889808655
single,goldfish,24,18,21.71070671081543,21.71070671081543,0.3857710659503937,0.2347625494003296
single,goldfish,24,19,41.161903381347656,41.161903381347656,0.4519614279270172,0.27529504895210266
single,goldfish,25,0,16.031858444213867,16.031858444213867,0.45382699370384216,0.42147955298423767
single,goldfish,25,1,17.96169090270996,17.96169090270996,0.3560500741004944,0.21568718552589417
single,goldfish,25,2,30.771575927734375,30.77157974243164,0.4071621894836426,0.2774732708930969
single,goldfish,25,3,51.82818603515625,51.82819366455078,0.5186634659767151,0.3678792417049408
single,goldfish,25,4,15.601496696472168,15.6014986038208,0.4427230954170227,0.4094012677669525
single,goldfish,25,5,22.56260108947754,22.56260108947754,0.452432245016098,0.3090181052684784
single,goldfish,25,6,27.164382934570312,27.164382934570312,0.44138050079345703,0.30747565627098083
single,goldfish,25,7,30.446414947509766,30.4464168548584,0.4450327455997467,0.30876606702804565
single,goldfish,25,8,15.933914184570312,15.933914184570312,0.4182221591472626,0.39304107427597046
single,goldfish,25,9,15.198287963867188,15.198287963867188,0.39396098256111145,0.22780533134937286
single,goldfish,25,10,20.78363609313965,20.78363609313965,0.3832339346408844,0.25374847650527954
single,goldfish,25,11,37.61334228515625,37.61334228515625,0.4589958190917969,0.301914781332016
single,goldfish,25,12,14.549147605895996,14.549148559570312,0.4146437346935272,0.3839899003505707
single,goldfish,25,13,22.145418167114258,22.14542007446289,0.3811468183994293,0.26880165934562683
single,goldfish,25,14,25.85542869567871,25.85542869567871,0.3706090450286865,0.2556741237640381
single,goldfish,25,15,41.24885177612305,41.24885177612305,0.4794932007789612,0.330914705991745
single,goldfish,25,16,15.954754829406738,15.954754829406738,0.42411038279533386,0.39540156722068787
single,goldfish,25,17,33.26020431518555,33.26020431518555,0.4849827289581299,0.3724530041217804
single,goldfish,25,18,23.707088470458984,23.707088470458984,0.4290544092655182,0.3011573255062103
single,goldfish,25,19,41.94083786010742,41.94083786010742,0.48887547850608826,0.3413558602333069
single,goldfish,26,0,16.194337844848633,16.194339752197266,0.4558578133583069,0.41910287737846375
single,goldfish,26,1,18.400190353393555,18.400190353393555,0.35249531269073486,0.21807794272899628
single,goldfish,26,2,25.117795944213867,25.117795944213867,0.37896913290023804,0.24784035980701447
single,goldfish,26,3,34.865806579589844,34.865806579589844,0.4055268466472626,0.27467218041419983
single,goldfish,26,4,15.958233833312988,15.958233833312988,0.45108333230018616,0.4119942784309387
single,goldfish,26,5,19.877485275268555,19.877485275268555,0.4235893189907074,0.26961550116539
single,goldfish,26,6,24.084918975830078,24.084918975830078,0.4252530038356781,0.2792395055294037
single,goldfish,26,7,25.70353126525879,25.70353126525879,0.41770225763320923,0.26399222016334534
single,goldfish,26,8,16.671480178833008,16.671480178833008,0.4389633238315582,0.40042001008987427
single,goldfish,26,9,14.61784553527832,14.61784553527832,0.37824079394340515,0.22207026183605194
single,goldfish,26,10,19.37579345703125,19.375795364379883,0.3768002986907959,0.25348466634750366
single,goldfish,26,11,26.720666885375977,26.720670700073242,0.37825629115104675,0.26088985800743103
single,goldfish,26,12,15.302752494812012,15.302752494812012,0.4269048869609833,0.385405957698822
single,goldfish,26,13,18.750049591064453,18.750051498413086,0.3553634583950043,0.21595540642738342
single,goldfish,26,14,20.569570541381836,20.569570541381836,0.3375399708747864,0.2325136959552765
single,goldfish,26,15,25.637176513671875,25.63718032836914,0.3798641264438629,0.2764684855937958
single,goldfish,26,16,17.76559066772461,17.76559066772461,0.467544287443161,0.4359477162361145
single,goldfish,26,17,24.981733322143555,24.981733322143555,0.4361179769039154,0.283281534910202
single,goldfish,26,18,20.05228042602539,20.052282333374023,0.3857772946357727,0.2510208785533905
single,goldfish,26,19,27.926115036010742,27.926115036010742,0.3866287171840668,0.2594512104988098
single,goldfish,27,0,14.83795166015625,14.83795166015625,0.449397474527359,0.4160274565219879
single,goldfish,27,1,19.817047119140625,19.817047119140625,0.38930097222328186,0.2470354288816452
single,goldfish,27,2,24.33821678161621,24.33821678161621,0.39870181679725647,0.283478319644928
single,goldfish,27,3,33.83890914916992,33.83890914916992,0.4366399347782135,0.3092518746852875
single,goldfish,27,4,13.997143745422363,13.997143745422363,0.43691331148147583,0.4053882658481598
single,goldfish,27,5,17.895112991333008,17.895112991333008,0.4311221241950989,0.2794742286205292
single,goldfish,27,6,23.577993392944336,23.577993392944336,0.45087966322898865,0.33603087067604065
single,goldfish,27,7,25.300302505493164,25.300302505493164,0.4353746473789215,0.3009810149669647
single,goldfish,27,8,14.311902046203613,14.311903953552246,0.425577312707901,0.3931754529476166
single,goldfish,27,9,14.6504545211792,14.6504545211792,0.38738980889320374,0.23195651173591614
single,goldfish,27,10,19.25259780883789,19.252599716186523,0.3990273177623749,0.2846960723400116
single,goldfish,27,11,27.069293975830078,27.069293975830078,0.4172583520412445,0.28511062264442444
single,goldfish,27,12,14.208712577819824,14.208714485168457,0.4244208335876465,0.38775357604026794
single,goldfish,27,13,17.50605583190918,17.50605583190918,0.3556227385997772,0.23056064546108246
single,goldfish,27,14,19.861814498901367,19.861814498901367,0.34871846437454224,0.2519392669200897
single,goldfish,27,15,26.216327667236328,26.216327667236328,0.4257899820804596,0.32088348269462585
single,goldfish,27,16,15.075411796569824,15.075411796569824,0.4537954330444336,0.4144814610481262
single,goldfish,27,17,22.768224716186523,22.768224716186523,0.4280315339565277,0.29573312401771545
single,goldfish,27,18,20.3084716796875,20.3084716796875,0.39644327759742737,0.288711279630661
single,goldfish,27,19,28.93779945373535,28.93779945373535,0.44191694259643555,0.3380466401576996
single,goldfish,28,0,15.313446044921875,15.313446044921875,0.44555601477622986,0.39163094758987427
single,goldfish,28,1,18.855016708374023,18.855016708374023,0.3720124661922455,0.24187131226062775
single,goldfish,28,2,21.5103759765625,21.510379791259766,0.3902719020843506,0.2620069682598114
single,goldfish,28,3,27.438312530517578,27.438308715820312,0.4261718690395355,0.3176102936267853
single,goldfish,28,4,14.036407470703125,14.036407470703125,0.4252495765686035,0.37286925315856934
single,goldfish,28,5,16.552173614501953,16.552173614501953,0.39970776438713074,0.25071021914482117
single,goldfish,28,6,21.686079025268555,21.686079025268555,0.44121843576431274,0.3083915412425995
single,goldfish,28,7,23.25335693359375,23.25335693359375,0.4354124069213867,0.29585567116737366
single,goldfish,28,8,14.551538467407227,14.551538467407227,0.4275842308998108,0.37389761209487915
single,goldfish,28,9,13.928977012634277,13.928977012634277,0.3620900809764862,0.24152465164661407
single,goldfish,28,10,17.207862854003906,17.207862854003906,0.37037360668182373,0.2550632357597351
single,goldfish,28,11,23.62398338317871,23.62398338317871,0.4165440499782562,0.29913946986198425
single,goldfish,28,12,13.968040466308594,13.968040466308594,0.4015870988368988,0.34620800614356995
single,goldfish,28,13,15.587355613708496,15.587356567382812,0.3382427990436554,0.20270071923732758
single,goldfish,28,14,18.064794540405273,18.064796447753906,0.35684487223625183,0.25139355659484863
single,goldfish,28,15,20.874866485595703,20.874866485595703,0.3976576030254364,0.31354451179504395
single,goldfish,28,16,15.16662883758545,15.16662883758545,0.45506078004837036,0.3984200954437256
single,goldfish,28,17,21.596923828125,21.596923828125,0.4246494472026825,0.28021112084388733
single,goldfish,28,18,19.413618087768555,19.413618087768555,0.393552303314209,0.27640658617019653
single,goldfish,28,19,24.612152099609375,24.612152099609375,0.4442937970161438,0.34426090121269226
single,goldfish,29,0,15.686907768249512,15.686907768249512,0.4216623306274414,0.3542448878288269
single,goldfish,29,1,19.45191764831543,19.45191764831543,0.38351234793663025,0.21489225327968597
single,goldfish,29,2,20.862384796142578,20.86238670349121,0.38877201080322266,0.2466697245836258
single,goldfish,29,3,29.287311553955078,29.287311553955078,0.45621076226234436,0.3025561273097992
single,goldfish,29,4,14.635330200195312,14.635330200195312,0.4092136323451996,0.339065819978714
single,goldfish,29,5,16.127294540405273,16.127294540405273,0.38674724102020264,0.20984616875648499
single,goldfish,29,6,20.611202239990234,20.611204147338867,0.41364455223083496,0.2588014304637909
single,goldfish,29,7,24.73438835144043,24.734390258789062,0.45259523391723633,0.2845291793346405
single,goldfish,29,8,14.432106018066406,14.432106018066406,0.40183016657829285,0.34064096212387085
single,goldfish,29,9,14.874086380004883,14.8740873336792,0.3754845857620239,0.20803602039813995
single,goldfish,29,10,16.981229782104492,16.981229782104492,0.36915573477745056,0.22546806931495667
single,goldfish,29,11,23.797224044799805,23.797224044799805,0.4126179814338684,0.27660325169563293
single,goldfish,29,12,14.73282527923584,14.73282527923584,0.3850570619106293,0.32142043113708496
single,goldfish,29,13,16.556262969970703,16.556262969970703,0.3581385314464569,0.19413785636425018
single,goldfish,29,14,18.215656280517578,18.215656280517578,0.3652971386909485,0.24771356582641602
single,goldfish,29,15,24.11783218383789,24.11783218383789,0.46180182695388794,0.3290904462337494
single,goldfish,29,16,14.4657564163208,14.4657564163208,0.42357873916625977,0.34972700476646423
single,goldfish,29,17,20.664581298828125,20.664581298828125,0.4138244092464447,0.2559666037559509
single,goldfish,29,18,19.552541732788086,19.55254364013672,0.4002703130245209,0.25859925150871277
single,goldfish,29,19,24.23040199279785,24.23040199279785,0.4425956904888153,0.321703165769577
single,goldfish,30,0,16.053098678588867,16.053098678588867,0.4232468605041504,0.37327906489372253
single,goldfish,30,1,22.279321670532227,22.279321670532227,0.41319766640663147,0.26525551080703735
single,goldfish,30,2,28.728179931640625,28.728179931640625,0.448946475982666,0.2937496602535248
single,goldfish,30,3,31.85944938659668,31.85944938659668,0.42219048738479614,0.30320265889167786
single,goldfish,30,4,16.05675506591797,16.05675506591797,0.42970576882362366,0.3838539719581604
single,goldfish,30,5,19.11996078491211,19.119962692260742,0.4172132909297943,0.2680952847003937
single,goldfish,30,6,26.28785514831543,26.287857055664062,0.45621511340141296,0.3281007409095764
single,goldfish,30,7,28.7222957611084,28.7222957611084,0.4386622905731201,0.31085965037345886
single,goldfish,30,8,14.875971794128418,14.875971794128418,0.4015793800354004,0.35669469833374023
single,goldfish,30,9,15.131250381469727,15.131250381469727,0.38720712065696716,0.2380552738904953
single,goldfish,30,10,21.909984588623047,21.909984588623047,0.41021081805229187,0.2998708486557007
single,goldfish,30,11,26.55022621154785,26.55022621154785,0.40647387504577637,0.28890156745910645
single,goldfish,30,12,14.475809097290039,14.475809097290039,0.3821241557598114,0.3347947597503662
single,goldfish,30,13,18.987211227416992,18.987211227416992,0.37716516852378845,0.24379229545593262
single,goldfish,30,14,23.29769515991211,23.29769515991211,0.3960331380367279,0.283329576253891
single,goldfish,30,15,25.644027709960938,25.644027709960938,0.4195459485054016,0.31657373905181885
single,goldfish,30,16,16.4589900970459,16.4589900970459,0.4556677043437958,0.406684935092926
single,goldfish,30,17,22.436614990234375,22.436616897583008,0.41698989272117615,0.2625170350074768
single,goldfish,30,18,21.238021850585938,21.238021850585938,0.3906024992465973,0.2935341000556946
single,goldfish,30,19,27.823530197143555,27.823532104492188,0.4282902777194977,0.30346056818962097
single,goldfish,31,0,15.0592041015625,15.0592041015625,0.42040228843688965,0.36460360884666443
single,goldfish,31,1,23.0403995513916,23.040401458740234,0.40146970748901367,0.26505932211875916
single,goldfish,31,2,26.851919174194336,26.851919174194336,0.4010617434978485,0.28566718101501465
single,goldfish,31,3,29.808719635009766,29.808719635009766,0.40613919496536255,0.28032955527305603
single,goldfish,31,4,15.096831321716309,15.096831321716309,0.4323759078979492,0.38574549555778503
single,goldfish,31,5,21.10223960876465,21.10223960876465,0.4471665322780609,0.28160560131073
single,goldfish,31,6,24.845617294311523,24.845617294311523,0.42838746309280396,0.30072736740112305
single,goldfish,31,7,27.6745662689209,27.6745662689209,0.4290235638618469,0.2935396134853363
single,goldfish,31,8,14.9533109664917,14.9533109664917,0.41829586029052734,0.37801265716552734
single,goldfish,31,9,16.18720054626465,16.18720245361328,0.3908328115940094,0.25075072050094604
single,goldfish,31,10,21.04962730407715,21.04962921142578,0.3872698247432709,0.28312060236930847
single,goldfish,31,11,26.522872924804688,26.522876739501953,0.3947209119796753,0.26023679971694946
single,goldfish,31,12,14.190475463867188,14.190475463867188,0.39245182275772095,0.3335667550563812
single,goldfish,31,13,18.990116119384766,18.990116119384766,0.36162301898002625,0.2203218936920166
single,goldfish,31,14,22.66725730895996,22.66725730895996,0.36951443552970886,0.2667825222015381
single,goldfish,31,15,24.029647827148438,24.029647827148438,0.39693018794059753,0.3100486993789673
single,goldfish,31,16,16.42517852783203,16.42517852783203,0.463000625371933,0.42321595549583435
single,goldfish,31,17,25.138620376586914,25.138620376586914,0.4438715875148773,0.2914397418498993
single,goldfish,31,18,22.252124786376953,22.252126693725586,0.39990654587745667,0.28547531366348267
single,goldfish,31,19,25.838897705078125,25.838897705078125,0.3988308608531952,0.3002239763736725
single,goldfish,32,0,16.935279846191406,16.935279846191406,0.42365574836730957,0.370905339717865
single,goldfish,32,1,24.47243309020996,24.472436904907227,0.3973407745361328,0.29046639800071716
single,goldfish,32,2,28.12708854675293,28.127090454101562,0.4010780453681946,0.2700279951095581
single,goldfish,32,3,28.678638458251953,28.678638458251953,0.3763018548488617,0.2416321337223053
single,goldfish,32,4,17.231351852416992,17.231351852416992,0.4479915201663971,0.3999287784099579
single,goldfish,32,5,21.1812801361084,21.1812801361084,0.4384801387786865,0.2880363464355469
single,goldfish,32,6,26.798954010009766,26.798954010009766,0.4463317096233368,0.3050113618373871
single,goldfish,32,7,31.4836483001709,31.4836483001709,0.47098207473754883,0.3145560324192047
single,goldfish,32,8,16.708782196044922,16.708782196044922,0.4301334321498871,0.375350683927536
single,goldfish,32,9,17.15888786315918,17.15888786315918,0.38273268938064575,0.2619474530220032
single,goldfish,32,10,23.14204978942871,23.14204978942871,0.4039340615272522,0.28402310609817505
single,goldfish,32,11,27.274463653564453,27.274465560913086,0.39348962903022766,0.2604012191295624
single,goldfish,32,12,16.46750831604004,16.467506408691406,0.3987816870212555,0.3439520299434662
single,goldfish,32,13,18.69252586364746,18.69252586364746,0.3356243073940277,0.21019697189331055
single,goldfish,32,14,25.48810577392578,25.488107681274414,0.37463274598121643,0.26954469084739685
single,goldfish,32,15,26.721771240234375,26.72177505493164,0.41177448630332947,0.31303125619888306
single,goldfish,32,16,19.62248992919922,19.62248992919922,0.5065800547599792,0.46315112709999084
single,goldfish,32,17,26.625213623046875,26.625213623046875,0.4486720561981201,0.31311264634132385
single,goldfish,32,18,26.639801025390625,26.639801025390625,0.4542634189128876,0.3091883957386017
single,goldfish,32,19,26.440290451049805,26.440290451049805,0.412116676568985,0.2843567430973053
single,goldfish,33,0,18.313711166381836,18.31371307373047,0.4644486904144287,0.40057000517845154
single,goldfish,33,1,23.69758415222168,23.69758415222168,0.40276700258255005,0.298073947429657
single,goldfish,33,2,31.1348934173584,31.1348934173584,0.4431696832180023,0.3167184293270111
single,goldfish,33,3,33.177154541015625,33.177154541015625,0.4373190104961395,0.2834978699684143
single,goldfish,33,4,17.83696937561035,17.83696937561035,0.4776430130004883,0.4204061031341553
single,goldfish,33,5,20.692792892456055,20.692792892456055,0.44965559244155884,0.32328447699546814
single,goldfish,33,6,27.02251625061035,27.022520065307617,0.46636173129081726,0.33303388953208923
single,goldfish,33,7,30.087839126586914,30.087839126586914,0.4975658059120178,0.3159981667995453
single,goldfish,33,8,17.018756866455078,17.018756866455078,0.45327016711235046,0.3922540247440338
single,goldfish,33,9,17.959836959838867,17.9598388671875,0.39522603154182434,0.2729629576206207
single,goldfish,33,10,23.06501579284668,23.06501579284668,0.40802881121635437,0.28311222791671753
single,goldfish,33,11,31.426593780517578,31.426593780517578,0.45811453461647034,0.28848958015441895
single,goldfish,33,12,17.063901901245117,17.063901901245117,0.4323139786720276,0.37453895807266235
single,goldfish,33,13,19.40363883972168,19.40363883972168,0.37928152084350586,0.2781792879104614
single,goldfish,33,14,28.276636123657227,28.276636123657227,0.4106390178203583,0.29261380434036255
single,goldfish,33,15,29.498151779174805,29.498151779174805,0.43741273880004883,0.3481733500957489
single,goldfish,33,16,19.245607376098633,19.245607376098633,0.5263165831565857,0.46815225481987
single,goldfish,33,17,26.545644760131836,26.545644760131836,0.4457716941833496,0.31143900752067566
single,goldfish,33,18,26.4107666015625,26.4107666015625,0.4424390494823456,0.292838990688324
single,goldfish,33,19,29.679019927978516,29.679019927978516,0.45129069685935974,0.307461142539978
single,goldfish,34,0,17.784046173095703,17.784046173095703,0.407813161611557,0.30928534269332886
single,goldfish,34,1,27.025487899780273,27.025487899780273,0.3943234086036682,0.25360068678855896
single,goldfish,34,2,30.815277099609375,30.815277099609375,0.41484004259109497,0.28113916516304016
single,goldfish,34,3,37.804046630859375,37.804046630859375,0.4662005603313446,0.29284414649009705
single,goldfish,34,4,16.674457550048828,16.674457550048828,0.39982888102531433,0.3025459349155426
single,goldfish,34,5,20.823450088500977,20.823453903198242,0.4087057113647461,0.2688158452510834
single,goldfish,34,6,28.51630210876465,28.51630210876465,0.43583235144615173,0.2977009117603302
single,goldfish,34,7,31.981586456298828,31.981586456298828,0.47180595993995667,0.30430373549461365
single,goldfish,34,8,18.079059600830078,18.079059600830078,0.42912349104881287,0.3436773717403412
single,goldfish,34,9,20.38313865661621,20.38313865661621,0.37576356530189514,0.24878893792629242
single,goldfish,34,10,24.899499893188477,24.899503707885742,0.3806367814540863,0.2648213505744934
single,goldfish,34,11,36.90389633178711,36.90389633178711,0.44434425234794617,0.298671156167984
single,goldfish,34,12,16.05125617980957,16.05125617980957,0.3753207325935364,0.2822512686252594
single,goldfish,34,13,20.986501693725586,20.986501693725586,0.35020989179611206,0.22891807556152344
single,goldfish,34,14,28.9857177734375,28.9857177734375,0.38922902941703796,0.2931424081325531
single,goldfish,34,15,34.652198791503906,34.65220260620117,0.46473079919815063,0.3394657075405121
single,goldfish,34,16,21.787405014038086,21.787405014038086,0.5409526228904724,0.46406587958335876
single,goldfish,34,17,27.506250381469727,27.506250381469727,0.4159693717956543,0.26837673783302307
single,goldfish,34,18,28.246789932250977,28.246789932250977,0.4244430661201477,0.2842860221862793
single,goldfish,34,19,31.95863151550293,31.95863151550293,0.44056186079978943,0.3268783390522003
single,goldfish,35,0,20.44791603088379,20.44791603088379,0.46083077788352966,0.32347744703292847
single,goldfish,35,1,28.842267990112305,28.842267990112305,0.42751264572143555,0.3291795253753662
single,goldfish,35,2,31.04862403869629,31.048627853393555,0.40826988220214844,0.249221071600914
single,goldfish,35,3,40.46080780029297,40.46080780029297,0.488530695438385,0.2980075776576996
single,goldfish,35,4,18.492460250854492,18.492460250854492,0.4330892562866211,0.3241147994995117
single,goldfish,35,5,22.36956214904785,22.36956214904785,0.46508198976516724,0.31998321413993835
single,goldfish,35,6,28.616567611694336,28.616567611694336,0.4501432478427887,0.300235778093338
single,goldfish,35,7,29.112518310546875,29.112518310546875,0.47118401527404785,0.2698023021221161
single,goldfish,35,8,20.26521873474121,20.26521873474121,0.46813687682151794,0.3794043958187103
single,goldfish,35,9,21.67047119140625,21.67047119140625,0.4362855851650238,0.3055795431137085
single,goldfish,35,10,24.26616096496582,24.26616096496582,0.38963010907173157,0.26673293113708496
single,goldfish,35,11,29.307981491088867,29.307981491088867,0.3804026246070862,0.22850051522254944
single,goldfish,35,12,17.30499267578125,17.30499267578125,0.39053359627723694,0.270648330450058
single,goldfish,35,13,22.526456832885742,22.526458740234375,0.3846457600593567,0.28692469000816345
single,goldfish,35,14,24.384714126586914,24.384714126586914,0.3539521396160126,0.2008596509695053
single,goldfish,35,15,34.96173858642578,34.96174240112305,0.46622762084007263,0.29052048921585083
single,goldfish,35,16,20.78584098815918,20.78584098815918,0.5115665793418884,0.4227450489997864
single,goldfish,35,17,29.269147872924805,29.269147872924805,0.4820925295352936,0.337123304605484
single,goldfish,35,18,32.45237350463867,32.45237350463867,0.4990706443786621,0.30776140093803406
single,goldfish,35,19,33.77144241333008,33.77144241333008,0.4607172906398773,0.2915628254413605
single,goldfish,36,0,17.58876609802246,17.58876609802246,0.3568415641784668,0.27771812677383423
single,goldfish,36,1,23.148143768310547,23.148141860961914,0.45696598291397095,0.2919599711894989
single,goldfish,36,2,26.736438751220703,26.736438751220703,0.4678707718849182,0.30156776309013367
single,goldfish,36,3,30.545368194580078,30.545368194580078,0.4585914611816406,0.2970100939273834
single,goldfish,36,4,18.044946670532227,18.044946670532227,0.36951297521591187,0.28775033354759216
single,goldfish,36,5,18.067092895507812,18.067092895507812,0.4541025757789612,0.28285589814186096
single,goldfish,36,6,24.540205001831055,24.540205001831055,0.5051183104515076,0.32896000146865845
single,goldfish,36,7,30.834842681884766,30.834842681884766,0.5629243850708008,0.36841562390327454
single,goldfish,36,8,17.332822799682617,17.332822799682617,0.3870627284049988,0.33409956097602844
single,goldfish,36,9,19.008853912353516,19.008853912353516,0.4540822207927704,0.2775583863258362
single,goldfish,36,10,21.748321533203125,21.748321533203125,0.44866830110549927,0.29933667182922363
single,goldfish,36,11,27.541339874267578,27.541339874267578,0.48381757736206055,0.3150484561920166
single,goldfish,36,12,13.772249221801758,13.772250175476074,0.23753301799297333,0.1587730497121811
single,goldfish,36,13,17.772924423217773,17.772924423217773,0.3589646518230438,0.24007444083690643
single,goldfish,36,14,25.898752212524414,25.898752212524414,0.4451293647289276,0.28714999556541443
single,goldfish,36,15,29.911640167236328,29.911640167236328,0.4933435022830963,0.3192165493965149
single,goldfish,36,16,40.089202880859375,40.089202880859375,0.6705381274223328,0.5239014029502869
single,goldfish,36,17,24.31780433654785,24.31780433654785,0.4957011342048645,0.3636477291584015
single,goldfish,36,18,24.412317276000977,24.412317276000977,0.4786112904548645,0.2871611714363098
single,goldfish,36,19,28.695556640625,28.695556640625,0.47320422530174255,0.3344082236289978
single,goldfish,37,0,39.35813522338867,39.35813522338867,0.5799590349197388,0.5152419209480286
single,goldfish,37,1,25.906314849853516,25.90631675720215,0.42382684350013733,0.3189936578273773
single,goldfish,37,2,34.816810607910156,34.81681442260742,0.5071981549263,0.3178142011165619
single,goldfish,37,3,36.387107849121094,36.387107849121094,0.42653828859329224,0.25767818093299866
single,goldfish,37,4,38.38236618041992,38.38236618041992,0.5721621513366699,0.45549964904785156
single,goldfish,37,5,22.566104888916016,22.566104888916016,0.42538928985595703,0.3008613884449005
single,goldfish,37,6,28.32216453552246,28.32216453552246,0.4661271274089813,0.3063724935054779
single,goldfish,37,7,28.581897735595703,28.581899642944336,0.40156713128089905,0.24923086166381836
single,goldfish,37,8,33.3507194519043,33.3507194519043,0.5228258967399597,0.4737550914287567
single,goldfish,37,9,23.808258056640625,23.808258056640625,0.42294931411743164,0.3216349184513092
single,goldfish,37,10,32.83064651489258,32.83064651489258,0.4770028293132782,0.3059696853160858
single,goldfish,37,11,39.76213073730469,39.76213073730469,0.4988738000392914,0.3065730929374695
single,goldfish,37,12,26.132307052612305,26.132307052612305,0.42118141055107117,0.34927305579185486
single,goldfish,37,13,29.86564064025879,29.86564064025879,0.489342600107193,0.3272584080696106
single,goldfish,37,14,35.39820861816406,35.39820861816406,0.4948047697544098,0.33180472254753113
single,goldfish,37,15,41.517303466796875,41.517303466796875,0.4945158064365387,0.30086252093315125
single,goldfish,37,16,51.37189865112305,51.37190628051758,0.6785184144973755,0.5917941331863403
single,goldfish,37,17,24.11992073059082,24.11992073059082,0.42515358328819275,0.30295637249946594
single,goldfish,37,18,29.806676864624023,29.806676864624023,0.44347047805786133,0.2777334749698639
single,goldfish,37,19,36.29480743408203,36.29480743408203,0.44913250207901,0.2922652065753937
