kind,label,block_index,measurement_index,coeff_norm_mean,proj_norm_mean,relative_proj_mean,max_coeff_mean
dual,Van Gogh,0,0,47.42488479614258,47.42488479614258,0.43720221519470215,0.36630237102508545
dual,Van Gogh,0,1,43.08733367919922,43.08733367919922,0.4393077790737152,0.3604395389556885
dual,Van Gogh,0,2,42.4145393371582,42.4145393371582,0.44654470682144165,0.3602215349674225
dual,Van Gogh,0,3,42.70055389404297,42.70055389404297,0.45450714230537415,0.3598420321941376
dual,Van Gogh,0,4,47.42488479614258,47.42488479614258,0.43720221519470215,0.36630237102508545
dual,Van Gogh,0,5,43.08733367919922,43.08733367919922,0.4393077790737152,0.3604395389556885
dual,Van Gogh,0,6,42.4145393371582,42.4145393371582,0.44654470682144165,0.3602215349674225
dual,Van Gogh,0,7,42.70055389404297,42.70055389404297,0.45450714230537415,0.3598420321941376
dual,Van Gogh,0,8,47.42488479614258,47.42488479614258,0.43720221519470215,0.36630237102508545
dual,Van Gogh,0,9,43.08733367919922,43.08733367919922,0.4393077790737152,0.3604395389556885
dual,Van Gogh,0,10,42.4145393371582,42.4145393371582,0.44654470682144165,0.3602215349674225
dual,Van Gogh,0,11,42.70055389404297,42.70055389404297,0.45450714230537415,0.3598420321941376
dual,Van Gogh,0,12,47.42488479614258,47.42488479614258,0.43720221519470215,0.36630237102508545
dual,Van Gogh,0,13,43.08733367919922,43.08733367919922,0.4393077790737152,0.3604395389556885
dual,Van Gogh,0,14,42.4145393371582,42.4145393371582,0.44654470682144165,0.3602215349674225
dual,Van Gogh,0,15,42.70055389404297,42.70055389404297,0.45450714230537415,0.3598420321941376
dual,Van Gogh,0,16,47.42488479614258,47.42488479614258,0.43720221519470215,0.36630237102508545
dual,Van Gogh,0,17,43.08733367919922,43.08733367919922,0.4393077790737152,0.3604395389556885
dual,Van Gogh,0,18,42.4145393371582,42.4145393371582,0.44654470682144165,0.3602215349674225
dual,Van Gogh,0,19,42.70055389404297,42.70055389404297,0.45450714230537415,0.3598420321941376
dual,Van Gogh,1,0,48.01777648925781,48.01778030395508,0.42855677008628845,0.3585273325443268
dual,Van Gogh,1,1,41.33576202392578,41.33576202392578,0.41816917061805725,0.318027138710022
dual,Van Gogh,1,2,39.33795166015625,39.33795166015625,0.4224729537963867,0.3077932894229889
dual,Van Gogh,1,3,40.08339309692383,40.08339309692383,0.4464842975139618,0.3209972381591797
dual,Van Gogh,1,4,47.80913162231445,47.80913162231445,0.4278701841831207,0.3576790392398834
dual,Van Gogh,1,5,41.16138458251953,41.16138458251953,0.4174616038799286,0.31707000732421875
dual,Van Gogh,1,6,39.20192337036133,39.20192337036133,0.42137372493743896,0.3067394495010376
dual,Van Gogh,1,7,39.98895263671875,39.98895263671875,0.44517937302589417,0.3196331262588501
dual,Van Gogh,1,8,48.10542678833008,48.10542678833008,0.429490864276886,0.35864415764808655
dual,Van Gogh,1,9,41.29787063598633,41.29787063598633,0.41829344630241394,0.318036288022995
dual,Van Gogh,1,10,39.11079788208008,39.11079788208008,0.4204632341861725,0.30646705627441406
dual,Van Gogh,1,11,39.7157096862793,39.71571350097656,0.4428862929344177,0.31744009256362915
dual,Van Gogh,1,12,47.98289108276367,47.98289108276367,0.42832958698272705,0.3582879602909088
dual,Van Gogh,1,13,41.389957427978516,41.38995361328125,0.418447345495224,0.31835025548934937
dual,Van Gogh,1,14,39.46503448486328,39.46503448486328,0.4234914779663086,0.3091394901275635
dual,Van Gogh,1,15,40.19579315185547,40.19579315185547,0.44750547409057617,0.3218863308429718
dual,Van Gogh,1,16,48.053184509277344,48.05318832397461,0.42917734384536743,0.3584521412849426
dual,Van Gogh,1,17,41.12919998168945,41.12919998168945,0.4173767864704132,0.3173495829105377
dual,Van Gogh,1,18,39.0734977722168,39.0734977722168,0.4204045534133911,0.3066632151603699
dual,Van Gogh,1,19,39.85335159301758,39.85335159301758,0.4440819323062897,0.31838294863700867
dual,Van Gogh,2,0,32.14801788330078,32.14802169799805,0.36867180466651917,0.2833685278892517
dual,Van Gogh,2,1,28.92239761352539,28.92239761352539,0.4394180476665497,0.29095494747161865
dual,Van Gogh,2,2,27.567289352416992,27.567289352416992,0.45063841342926025,0.2948613166809082
dual,Van Gogh,2,3,29.28597068786621,29.28597068786621,0.4894997179508209,0.30900031328201294
dual,Van Gogh,2,4,31.712732315063477,31.712732315063477,0.3653170168399811,0.2817063331604004
dual,Van Gogh,2,5,28.70433235168457,28.70433235168457,0.43522438406944275,0.2921833097934723
dual,Van Gogh,2,6,27.106182098388672,27.106182098388672,0.44192251563072205,0.2937350869178772
dual,Van Gogh,2,7,28.620378494262695,28.620378494262695,0.4742635190486908,0.30473852157592773
dual,Van Gogh,2,8,33.2860221862793,33.2860221862793,0.3787654936313629,0.2913103699684143
dual,Van Gogh,2,9,27.891244888305664,27.891244888305664,0.42107081413269043,0.2855719029903412
dual,Van Gogh,2,10,25.98721694946289,25.987220764160156,0.4232213795185089,0.27730754017829895
dual,Van Gogh,2,11,27.140472412109375,27.140472412109375,0.45592308044433594,0.28595584630966187
dual,Van Gogh,2,12,32.01521301269531,32.01521682739258,0.3707257807254791,0.2807789444923401
dual,Van Gogh,2,13,30.82068634033203,30.82068634033203,0.46399736404418945,0.31073203682899475
dual,Van Gogh,2,14,29.44010353088379,29.44010353088379,0.4757159650325775,0.3123933970928192
dual,Van Gogh,2,15,31.53499412536621,31.53499412536621,0.5177367329597473,0.32646819949150085
dual,Van Gogh,2,16,33.03578567504883,33.03578567504883,0.3811770975589752,0.28340694308280945
dual,Van Gogh,2,17,28.10010528564453,28.10010528564453,0.4258318543434143,0.2882624864578247
dual,Van Gogh,2,18,26.082901000976562,26.082901000976562,0.4258127510547638,0.2848970592021942
dual,Van Gogh,2,19,27.27532386779785,27.27532386779785,0.4577144980430603,0.29346346855163574
dual,Van Gogh,3,0,42.709720611572266,42.709716796875,0.39026355743408203,0.3525887727737427
dual,Van Gogh,3,1,35.01156234741211,35.01156234741211,0.40751320123672485,0.314418226480484
dual,Van Gogh,3,2,31.91510772705078,31.915109634399414,0.41242071986198425,0.30023902654647827
dual,Van Gogh,3,3,31.57888412475586,31.57888412475586,0.4407307803630829,0.28400665521621704
dual,Van Gogh,3,4,41.47113037109375,41.47113037109375,0.38444244861602783,0.35017645359039307
dual,Van Gogh,3,5,35.00980758666992,35.00980758666992,0.4104856848716736,0.3199310302734375
dual,Van Gogh,3,6,31.91531753540039,31.915321350097656,0.41518113017082214,0.30452460050582886
dual,Van Gogh,3,7,31.57816505432129,31.578168869018555,0.44296446442604065,0.2887793779373169
dual,Van Gogh,3,8,42.0960578918457,42.09605407714844,0.38842111825942993,0.3465937674045563
dual,Van Gogh,3,9,33.81521987915039,33.81521987915039,0.3908429741859436,0.3127180337905884
dual,Van Gogh,3,10,29.48153305053711,29.48153305053711,0.3776973783969879,0.2908729612827301
dual,Van Gogh,3,11,28.27456283569336,28.27456283569336,0.39119377732276917,0.26990705728530884
dual,Van Gogh,3,12,41.63682174682617,41.63682174682617,0.38335615396499634,0.34783220291137695
dual,Van Gogh,3,13,35.91387176513672,35.91387176513672,0.41684964299201965,0.3144223988056183
dual,Van Gogh,3,14,33.27416229248047,33.274166107177734,0.42668139934539795,0.3045748770236969
dual,Van Gogh,3,15,33.20357894897461,33.20357894897461,0.45618078112602234,0.28954729437828064
dual,Van Gogh,3,16,41.37686538696289,41.37686538696289,0.3852825164794922,0.33956223726272583
dual,Van Gogh,3,17,34.54447555541992,34.54447555541992,0.40173158049583435,0.32059961557388306
dual,Van Gogh,3,18,30.320329666137695,30.32033348083496,0.39120981097221375,0.3029731214046478
dual,Van Gogh,3,19,28.99407386779785,28.99407386779785,0.4059702754020691,0.2832674980163574
dual,Van Gogh,4,0,50.594932556152344,50.59493637084961,0.4653419554233551,0.3988199830055237
dual,Van Gogh,4,1,35.32361602783203,35.32361602783203,0.45009803771972656,0.33171433210372925
dual,Van Gogh,4,2,30.90690040588379,30.90690040588379,0.44184809923171997,0.31919389963150024
dual,Van Gogh,4,3,31.43814468383789,31.43814468383789,0.48093318939208984,0.31501081585884094
dual,Van Gogh,4,4,49.92761993408203,49.9276237487793,0.4646133780479431,0.4015309810638428
dual,Van Gogh,4,5,34.92293930053711,34.92293930053711,0.44923052191734314,0.33078888058662415
dual,Van Gogh,4,6,30.75651741027832,30.75651741027832,0.4419550895690918,0.32058456540107727
dual,Van Gogh,4,7,31.408044815063477,31.40804672241211,0.480158269405365,0.31783947348594666
dual,Van Gogh,4,8,51.34962844848633,51.34962844848633,0.47379112243652344,0.4063166081905365
dual,Van Gogh,4,9,34.95662307739258,34.95662307739258,0.4437468945980072,0.33612456917762756
dual,Van Gogh,4,10,30.083669662475586,30.08367347717285,0.42819082736968994,0.3123411238193512
dual,Van Gogh,4,11,30.16448974609375,30.164493560791016,0.46068158745765686,0.3048588037490845
dual,Van Gogh,4,12,50.0930061340332,50.0930061340332,0.4616575837135315,0.39782196283340454
dual,Van Gogh,4,13,35.59743118286133,35.59743118286133,0.4496597349643707,0.3263806700706482
dual,Van Gogh,4,14,31.466196060180664,31.466196060180664,0.4431174695491791,0.3129517138004303
dual,Van Gogh,4,15,32.31792068481445,32.31792449951172,0.4848749339580536,0.3081226348876953
dual,Van Gogh,4,16,49.723876953125,49.723876953125,0.463373601436615,0.3958043158054352
dual,Van Gogh,4,17,34.22659683227539,34.22659683227539,0.43928956985473633,0.3300170302391052
dual,Van Gogh,4,18,29.162506103515625,29.162506103515625,0.4196023941040039,0.30898985266685486
dual,Van Gogh,4,19,29.007089614868164,29.007089614868164,0.4484613835811615,0.3017953932285309
dual,Van Gogh,5,0,47.62004470825195,47.62004852294922,0.4499727785587311,0.4159731864929199
dual,Van Gogh,5,1,34.0069465637207,34.0069465637207,0.46938228607177734,0.3428743779659271
dual,Van Gogh,5,2,30.53274917602539,30.53274917602539,0.46444496512413025,0.32653528451919556
dual,Van Gogh,5,3,30.170719146728516,30.17072296142578,0.4794248044490814,0.3096674382686615
dual,Van Gogh,5,4,47.57476806640625,47.57476806640625,0.45400169491767883,0.42148780822753906
dual,Van Gogh,5,5,33.72425079345703,33.72425079345703,0.46860429644584656,0.34452301263809204
dual,Van Gogh,5,6,30.11538314819336,30.11538314819336,0.4592997133731842,0.32290855050086975
dual,Van Gogh,5,7,29.7812442779541,29.7812442779541,0.47190994024276733,0.3076712191104889
dual,Van Gogh,5,8,47.865447998046875,47.86545181274414,0.4568059742450714,0.42309507727622986
dual,Van Gogh,5,9,32.44907760620117,32.44907760620117,0.4533851444721222,0.3402031362056732
dual,Van Gogh,5,10,29.004180908203125,29.004180908203125,0.4452821910381317,0.3219987154006958
dual,Van Gogh,5,11,28.48291778564453,28.48291778564453,0.45640745759010315,0.30458489060401917
dual,Van Gogh,5,12,47.33466339111328,47.33466339111328,0.4512568712234497,0.41816696524620056
dual,Van Gogh,5,13,34.20582962036133,34.20582962036133,0.4683348834514618,0.34825626015663147
dual,Van Gogh,5,14,31.03434944152832,31.03434944152832,0.46342939138412476,0.32852786779403687
dual,Van Gogh,5,15,30.45293617248535,30.45293617248535,0.4743749797344208,0.3112727105617523
dual,Van Gogh,5,16,47.35610580444336,47.35610580444336,0.4512462615966797,0.41531410813331604
dual,Van Gogh,5,17,32.56985855102539,32.56985855102539,0.45336437225341797,0.33635279536247253
dual,Van Gogh,5,18,28.876983642578125,28.87698745727539,0.4408728778362274,0.3136759400367737
dual,Van Gogh,5,19,28.38566017150879,28.38566017150879,0.4487600326538086,0.29963812232017517
dual,Van Gogh,6,0,63.34474182128906,63.34474182128906,0.47017887234687805,0.436639666557312
dual,Van Gogh,6,1,53.59927749633789,53.59927749633789,0.51193767786026,0.36741575598716736
dual,Van Gogh,6,2,52.67171859741211,52.67171859741211,0.536338746547699,0.36313483119010925
dual,Van Gogh,6,3,51.82215118408203,51.82215118408203,0.5587522387504578,0.35422125458717346
dual,Van Gogh,6,4,63.72608184814453,63.72608184814453,0.47242674231529236,0.43980368971824646
dual,Van Gogh,6,5,50.91802978515625,50.91802215576172,0.4976443350315094,0.3612426221370697
dual,Van Gogh,6,6,50.13103485107422,50.131038665771484,0.5192577838897705,0.35177233815193176
dual,Van Gogh,6,7,50.53271484375,50.53271484375,0.544921338558197,0.34201326966285706
dual,Van Gogh,6,8,63.3676643371582,63.3676643371582,0.47321876883506775,0.43824324011802673
dual,Van Gogh,6,9,48.7491340637207,48.7491340637207,0.48196089267730713,0.3565424978733063
dual,Van Gogh,6,10,47.28525924682617,47.28525924682617,0.5010465979576111,0.34597769379615784
dual,Van Gogh,6,11,46.94829177856445,46.94829177856445,0.5252953171730042,0.3359665274620056
dual,Van Gogh,6,12,63.26726531982422,63.26726531982422,0.4744812548160553,0.441083699464798
dual,Van Gogh,6,13,49.5011100769043,49.5011100769043,0.4908958673477173,0.35456880927085876
dual,Van Gogh,6,14,48.89811706542969,48.89811706542969,0.5175610780715942,0.3472331464290619
dual,Van Gogh,6,15,49.81663131713867,49.81663131713867,0.5474517941474915,0.34085801243782043
dual,Van Gogh,6,16,64.86298370361328,64.86298370361328,0.4803193509578705,0.44635099172592163
dual,Van Gogh,6,17,52.81635665893555,52.81635665893555,0.5049788355827332,0.3645382523536682
dual,Van Gogh,6,18,51.35795974731445,51.35795974731445,0.5243842005729675,0.3474765121936798
dual,Van Gogh,6,19,51.3859748840332,51.3859748840332,0.5496233701705933,0.33895185589790344
dual,Van Gogh,7,0,44.102901458740234,44.1029052734375,0.44883501529693604,0.42688360810279846
dual,Van Gogh,7,1,39.54385757446289,39.543861389160156,0.5461163520812988,0.3919236958026886
dual,Van Gogh,7,2,40.72892761230469,40.72893142700195,0.5833249092102051,0.39084115624427795
dual,Van Gogh,7,3,40.84468078613281,40.84468078613281,0.6057180166244507,0.380566269159317
dual,Van Gogh,7,4,44.44245147705078,44.44245529174805,0.4503222107887268,0.43109747767448425
dual,Van Gogh,7,5,36.78156280517578,36.78156280517578,0.5161128640174866,0.3747989237308502
dual,Van Gogh,7,6,39.25947570800781,39.25947570800781,0.5628296136856079,0.37331143021583557
dual,Van Gogh,7,7,40.28050231933594,40.2805061340332,0.5894085764884949,0.3645836412906647
dual,Van Gogh,7,8,44.5214729309082,44.5214729309082,0.4536452889442444,0.4302407205104828
dual,Van Gogh,7,9,35.2768440246582,35.2768440246582,0.5054956078529358,0.3694252371788025
dual,Van Gogh,7,10,34.800689697265625,34.800689697265625,0.5352074503898621,0.369723916053772
dual,Van Gogh,7,11,35.25483703613281,35.25483703613281,0.5580692291259766,0.359952837228775
dual,Van Gogh,7,12,44.30318069458008,44.30318069458008,0.4542625844478607,0.4330178499221802
dual,Van Gogh,7,13,35.94234085083008,35.94234085083008,0.5133622884750366,0.3687998056411743
dual,Van Gogh,7,14,37.40423583984375,37.40423583984375,0.5553921461105347,0.3667409121990204
dual,Van Gogh,7,15,38.84788131713867,38.84788131713867,0.587348222732544,0.359840989112854
dual,Van Gogh,7,16,45.46269989013672,45.46269989013672,0.4604097902774811,0.43868231773376465
dual,Van Gogh,7,17,37.25456619262695,37.25456619262695,0.5204758644104004,0.37410226464271545
dual,Van Gogh,7,18,38.650272369384766,38.65027618408203,0.5587719082832336,0.36786752939224243
dual,Van Gogh,7,19,39.49913787841797,39.49913787841797,0.5842450261116028,0.3610658645629883
dual,Van Gogh,8,0,52.74180221557617,52.7418098449707,0.42722514271736145,0.40288054943084717
dual,Van Gogh,8,1,43.602691650390625,43.60269546508789,0.47432100772857666,0.3270995616912842
dual,Van Gogh,8,2,44.20954132080078,44.20954132080078,0.5093781352043152,0.3294476568698883
dual,Van Gogh,8,3,45.943763732910156,45.94375991821289,0.5487065315246582,0.3408133089542389
dual,Van Gogh,8,4,52.53696823120117,52.53696823120117,0.42646005749702454,0.4045320749282837
dual,Van Gogh,8,5,40.54962158203125,40.54962158203125,0.44424837827682495,0.3104325830936432
dual,Van Gogh,8,6,42.87592697143555,42.87592697143555,0.49160438776016235,0.317410945892334
dual,Van Gogh,8,7,45.68459701538086,45.68459701538086,0.5366507172584534,0.32973405718803406
dual,Van Gogh,8,8,53.41588592529297,53.41588592529297,0.43075069785118103,0.4088059961795807
dual,Van Gogh,8,9,40.07630157470703,40.0763053894043,0.4397142827510834,0.3142823278903961
dual,Van Gogh,8,10,40.29677200317383,40.29677200317383,0.4785255789756775,0.31270501017570496
dual,Van Gogh,8,11,43.248600006103516,43.248600006103516,0.5215224027633667,0.3209494650363922
dual,Van Gogh,8,12,52.46767044067383,52.46767044067383,0.4281902015209198,0.4061751365661621
dual,Van Gogh,8,13,40.607967376708984,40.607967376708984,0.44687944650650024,0.30127182602882385
dual,Van Gogh,8,14,43.9384651184082,43.9384651184082,0.49975618720054626,0.3071891963481903
dual,Van Gogh,8,15,45.924598693847656,45.92459487915039,0.5418861508369446,0.3213370144367218
dual,Van Gogh,8,16,52.82322692871094,52.8232307434082,0.4251305162906647,0.4031347632408142
dual,Van Gogh,8,17,42.27545928955078,42.27545928955078,0.4594387412071228,0.3153107464313507
dual,Van Gogh,8,18,44.08411407470703,44.08411407470703,0.5045865774154663,0.3214004933834076
dual,Van Gogh,8,19,44.61115264892578,44.61115264892578,0.5402069687843323,0.3424760103225708
dual,Van Gogh,9,0,53.98467254638672,53.98467254638672,0.46023914217948914,0.43571171164512634
dual,Van Gogh,9,1,52.90936279296875,52.90936279296875,0.5443388819694519,0.3722771108150482
dual,Van Gogh,9,2,50.95863342285156,50.95863723754883,0.5852161049842834,0.3722814619541168
dual,Van Gogh,9,3,49.755088806152344,49.755088806152344,0.6172072291374207,0.35309043526649475
dual,Van Gogh,9,4,54.01850891113281,54.01851272583008,0.46199217438697815,0.4380819499492645
dual,Van Gogh,9,5,52.23549270629883,52.23549270629883,0.5351532697677612,0.3736591637134552
dual,Van Gogh,9,6,51.74554443359375,51.74554443359375,0.5753522515296936,0.36986780166625977
dual,Van Gogh,9,7,51.37647247314453,51.37647247314453,0.6105362772941589,0.3495677411556244
dual,Van Gogh,9,8,55.344417572021484,55.34442138671875,0.4672403335571289,0.4445194602012634
dual,Van Gogh,9,9,48.99012756347656,48.99012756347656,0.5033687949180603,0.35348421335220337
dual,Van Gogh,9,10,47.02771759033203,47.02771759033203,0.5405953526496887,0.3494090139865875
dual,Van Gogh,9,11,47.14771270751953,47.14771270751953,0.5799697041511536,0.33232566714286804
dual,Van Gogh,9,12,53.2470703125,53.2470703125,0.4571143388748169,0.43280351161956787
dual,Van Gogh,9,13,47.884613037109375,47.884613037109375,0.4991631507873535,0.33470451831817627
dual,Van Gogh,9,14,49.03082275390625,49.03082275390625,0.5590786337852478,0.3449370265007019
dual,Van Gogh,9,15,49.82761001586914,49.82761001586914,0.6050953269004822,0.3357451260089874
dual,Van Gogh,9,16,54.30428695678711,54.30428695678711,0.461013525724411,0.43398964405059814
dual,Van Gogh,9,17,50.51893615722656,50.51893615722656,0.5257404446601868,0.3647835850715637
dual,Van Gogh,9,18,51.10617446899414,51.10617446899414,0.5735427141189575,0.36824831366539
dual,Van Gogh,9,19,50.45720291137695,50.45720291137695,0.607947051525116,0.353541761636734
dual,Van Gogh,10,0,71.94426727294922,71.94426727294922,0.4450819790363312,0.41231584548950195
dual,Van Gogh,10,1,73.67497253417969,73.67496490478516,0.5608309507369995,0.39004644751548767
dual,Van Gogh,10,2,67.79253387451172,67.79253387451172,0.6188222169876099,0.3882136046886444
dual,Van Gogh,10,3,61.81782531738281,61.81782531738281,0.6478000283241272,0.3690178096294403
dual,Van Gogh,10,4,70.7672348022461,70.7672348022461,0.4438418745994568,0.41347184777259827
dual,Van Gogh,10,5,71.260498046875,71.260498046875,0.5461519360542297,0.3850027620792389
dual,Van Gogh,10,6,65.63668060302734,65.63668060302734,0.5881362557411194,0.3711068332195282
dual,Van Gogh,10,7,60.45305252075195,60.45305252075195,0.6171817779541016,0.35322919487953186
dual,Van Gogh,10,8,72.43665313720703,72.43666076660156,0.4453964829444885,0.41441285610198975
dual,Van Gogh,10,9,66.3814697265625,66.3814697265625,0.511878252029419,0.3627253770828247
dual,Van Gogh,10,10,62.44792938232422,62.44792938232422,0.5770153999328613,0.371479868888855
dual,Van Gogh,10,11,56.56771469116211,56.56771469116211,0.6059736013412476,0.3659012019634247
dual,Van Gogh,10,12,71.61837005615234,71.61837005615234,0.4479741156101227,0.4166843593120575
dual,Van Gogh,10,13,65.86463928222656,65.86463928222656,0.5295484662055969,0.36675572395324707
dual,Van Gogh,10,14,65.16422271728516,65.16422271728516,0.59779292345047,0.3690788447856903
dual,Van Gogh,10,15,60.95650100708008,60.95650863647461,0.6318150758743286,0.3525744080543518
dual,Van Gogh,10,16,72.23472595214844,72.23473358154297,0.44696447253227234,0.4162521958351135
dual,Van Gogh,10,17,66.08900451660156,66.08900451660156,0.5168759822845459,0.361645370721817
dual,Van Gogh,10,18,63.19661331176758,63.19661331176758,0.5677197575569153,0.34059303998947144
dual,Van Gogh,10,19,57.95670700073242,57.95670700073242,0.5938308835029602,0.3341515362262726
dual,Van Gogh,11,0,65.30902862548828,65.30902862548828,0.4301290810108185,0.3839680254459381
dual,Van Gogh,11,1,59.98935317993164,59.98935317993164,0.5220376253128052,0.35144227743148804
dual,Van Gogh,11,2,54.699928283691406,54.699928283691406,0.5825024843215942,0.3892470598220825
dual,Van Gogh,11,3,50.12791061401367,50.12791061401367,0.6177364587783813,0.3712032735347748
dual,Van Gogh,11,4,65.88739776611328,65.88739776611328,0.43549564480781555,0.39222049713134766
dual,Van Gogh,11,5,60.7698860168457,60.7698860168457,0.5247604846954346,0.34427937865257263
dual,Van Gogh,11,6,55.00332260131836,55.00332260131836,0.5726031064987183,0.3721977770328522
dual,Van Gogh,11,7,50.1401252746582,50.1401252746582,0.6023545861244202,0.356311172246933
dual,Van Gogh,11,8,66.38350677490234,66.38349914550781,0.4336540997028351,0.3893657922744751
dual,Van Gogh,11,9,55.12016677856445,55.12016677856445,0.4894794821739197,0.33181825280189514
dual,Van Gogh,11,10,51.30712890625,51.30712890625,0.5512108206748962,0.376650869846344
dual,Van Gogh,11,11,47.99231719970703,47.99231719970703,0.5886708498001099,0.36493057012557983
dual,Van Gogh,11,12,64.7887954711914,64.7887954711914,0.43480706214904785,0.3899554908275604
dual,Van Gogh,11,13,52.07126998901367,52.07126998901367,0.48296505212783813,0.3084118068218231
dual,Van Gogh,11,14,51.12553405761719,51.12553405761719,0.5639896988868713,0.35560742020606995
dual,Van Gogh,11,15,47.85475540161133,47.85475540161133,0.6041918992996216,0.35007765889167786
dual,Van Gogh,11,16,66.21788024902344,66.21788024902344,0.4362977147102356,0.3920244574546814
dual,Van Gogh,11,17,56.218231201171875,56.218231201171875,0.4978456497192383,0.32658636569976807
dual,Van Gogh,11,18,53.48149490356445,53.48149490356445,0.5587091445922852,0.3469447195529938
dual,Van Gogh,11,19,48.87207794189453,48.87207794189453,0.5925641655921936,0.3497510552406311
dual,Van Gogh,12,0,84.01744079589844,84.01744079589844,0.4511870741844177,0.3956345319747925
dual,Van Gogh,12,1,85.99495697021484,85.99495697021484,0.5711873769760132,0.39490360021591187
dual,Van Gogh,12,2,71.12726593017578,71.12727355957031,0.6076043248176575,0.3843071460723877
dual,Van Gogh,12,3,59.88262176513672,59.88261795043945,0.6280878782272339,0.36065736413002014
dual,Van Gogh,12,4,85.37723541259766,85.37723541259766,0.4568757116794586,0.3994368314743042
dual,Van Gogh,12,5,85.35032653808594,85.35032653808594,0.5593348145484924,0.38396549224853516
dual,Van Gogh,12,6,70.30492401123047,70.30492401123047,0.582763135433197,0.360733300447464
dual,Van Gogh,12,7,60.19327926635742,60.19327926635742,0.6078416109085083,0.3466481566429138
dual,Van Gogh,12,8,84.87125396728516,84.87125396728516,0.4513566195964813,0.3936471939086914
dual,Van Gogh,12,9,78.1292495727539,78.1292495727539,0.5283575057983398,0.3696129620075226
dual,Van Gogh,12,10,67.1248550415039,67.1248550415039,0.5702864527702332,0.37905535101890564
dual,Van Gogh,12,11,59.44729995727539,59.44729995727539,0.6055630445480347,0.3722027838230133
dual,Van Gogh,12,12,84.67232513427734,84.67232513427734,0.45817556977272034,0.39908039569854736
dual,Van Gogh,12,13,79.90647888183594,79.9064712524414,0.5352187752723694,0.35650700330734253
dual,Van Gogh,12,14,69.79649353027344,69.79649353027344,0.5922602415084839,0.3564296066761017
dual,Van Gogh,12,15,59.54555130004883,59.54555892944336,0.6162428855895996,0.3400228023529053
dual,Van Gogh,12,16,85.29408264160156,85.29407501220703,0.45590940117836,0.3976883888244629
dual,Van Gogh,12,17,73.4048843383789,73.4048843383789,0.5202139616012573,0.3479428291320801
dual,Van Gogh,12,18,64.91505432128906,64.91505432128906,0.5633357167243958,0.32871702313423157
dual,Van Gogh,12,19,55.113609313964844,55.113609313964844,0.5831813216209412,0.3297746479511261
dual,Van Gogh,13,0,67.92137145996094,67.92137145996094,0.4431134760379791,0.40293896198272705
dual,Van Gogh,13,1,65.15754699707031,65.15755462646484,0.5417774319648743,0.39699915051460266
dual,Van Gogh,13,2,57.76891326904297,57.76891326904297,0.5659055113792419,0.3593730926513672
dual,Van Gogh,13,3,52.15746307373047,52.15746307373047,0.5861235857009888,0.3569891154766083
dual,Van Gogh,13,4,67.80520629882812,67.80521392822266,0.44443708658218384,0.40723997354507446
dual,Van Gogh,13,5,64.3486328125,64.34864044189453,0.5340232849121094,0.38736408948898315
dual,Van Gogh,13,6,56.7366828918457,56.7366828918457,0.5476107001304626,0.3445071578025818
dual,Van Gogh,13,7,52.01121520996094,52.0112190246582,0.5696099400520325,0.3572613298892975
dual,Van Gogh,13,8,67.26567840576172,67.26567840576172,0.44094324111938477,0.4019218981266022
dual,Van Gogh,13,9,59.71406555175781,59.71406936645508,0.5032141804695129,0.37309303879737854
dual,Van Gogh,13,10,54.55531692504883,54.55531692504883,0.5422002673149109,0.35560134053230286
dual,Van Gogh,13,11,52.27077865600586,52.27077865600586,0.5791104435920715,0.356258362531662
dual,Van Gogh,13,12,67.4043960571289,67.4043960571289,0.44439417123794556,0.4038197100162506
dual,Van Gogh,13,13,59.07593536376953,59.07593536376953,0.5056050419807434,0.36477312445640564
dual,Van Gogh,13,14,55.416282653808594,55.416282653808594,0.5538247227668762,0.3377542197704315
dual,Van Gogh,13,15,51.46055603027344,51.46055221557617,0.5812767744064331,0.3576916754245758
dual,Van Gogh,13,16,67.2424087524414,67.2424087524414,0.4401797354221344,0.40173909068107605
dual,Van Gogh,13,17,58.85759353637695,58.85759735107422,0.5018487572669983,0.35476306080818176
dual,Van Gogh,13,18,54.774818420410156,54.774818420410156,0.5323290228843689,0.32441675662994385
dual,Van Gogh,13,19,50.47952651977539,50.47953414916992,0.5585018992424011,0.3542340099811554
dual,Van Gogh,14,0,68.50789642333984,68.50788879394531,0.4803586006164551,0.4409920871257782
dual,Van Gogh,14,1,52.63648223876953,52.63648223876953,0.5359614491462708,0.39557570219039917
dual,Van Gogh,14,2,48.37098693847656,48.37098693847656,0.597884476184845,0.38177916407585144
dual,Van Gogh,14,3,44.2021369934082,44.2021369934082,0.641015350818634,0.3933979570865631
dual,Van Gogh,14,4,68.13677978515625,68.13677978515625,0.4785825312137604,0.44229787588119507
dual,Van Gogh,14,5,52.52391815185547,52.52391815185547,0.5296313762664795,0.3928779661655426
dual,Van Gogh,14,6,47.66857147216797,47.66857147216797,0.580051839351654,0.37313100695610046
dual,Van Gogh,14,7,44.11069869995117,44.11069869995117,0.6282896399497986,0.39524897933006287
dual,Van Gogh,14,8,67.31356048583984,67.31356048583984,0.47450077533721924,0.43870311975479126
dual,Van Gogh,14,9,49.35206604003906,49.35206604003906,0.5003656148910522,0.3695707619190216
dual,Van Gogh,14,10,45.50618362426758,45.50618362426758,0.5657167434692383,0.3685113489627838
dual,Van Gogh,14,11,44.068992614746094,44.068992614746094,0.6302394866943359,0.38919344544410706
dual,Van Gogh,14,12,68.05461883544922,68.05461883544922,0.4783424735069275,0.4404233992099762
dual,Van Gogh,14,13,50.90361785888672,50.90361785888672,0.5191031098365784,0.37915557622909546
dual,Van Gogh,14,14,47.43846893310547,47.43846893310547,0.5915452837944031,0.3758140206336975
dual,Van Gogh,14,15,43.9536018371582,43.9536018371582,0.6412339806556702,0.4025260806083679
dual,Van Gogh,14,16,68.3935317993164,68.39352416992188,0.47856199741363525,0.44150620698928833
dual,Van Gogh,14,17,48.97602844238281,48.97602844238281,0.5058358311653137,0.3626033067703247
dual,Van Gogh,14,18,45.9010009765625,45.9010009765625,0.5745899677276611,0.364069402217865
dual,Van Gogh,14,19,42.34319305419922,42.34319305419922,0.6197053790092468,0.39362916350364685
dual,Van Gogh,15,0,51.09166717529297,51.09166717529297,0.45882755517959595,0.4286499619483948
dual,Van Gogh,15,1,34.540714263916016,34.540714263916016,0.5072019100189209,0.3766341507434845
dual,Van Gogh,15,2,32.07686233520508,32.07686233520508,0.5539435744285583,0.3618747591972351
dual,Van Gogh,15,3,31.26715850830078,31.26715850830078,0.5980411171913147,0.3897460997104645
dual,Van Gogh,15,4,50.38091278076172,50.38091278076172,0.4566683769226074,0.43028709292411804
dual,Van Gogh,15,5,34.40659713745117,34.40659713745117,0.4917820990085602,0.36586707830429077
dual,Van Gogh,15,6,32.606868743896484,32.60686492919922,0.539831280708313,0.35230663418769836
dual,Van Gogh,15,7,32.25798416137695,32.25798416137695,0.591622531414032,0.39035162329673767
dual,Van Gogh,15,8,48.83966064453125,48.83966064453125,0.44366756081581116,0.4184761047363281
dual,Van Gogh,15,9,33.67204666137695,33.67204666137695,0.4840273857116699,0.35937511920928955
dual,Van Gogh,15,10,30.4802188873291,30.4802188873291,0.5257042646408081,0.35289645195007324
dual,Van Gogh,15,11,31.504201889038086,31.504201889038086,0.5953995585441589,0.3867412805557251
dual,Van Gogh,15,12,48.97298049926758,48.97298049926758,0.4462420642375946,0.41737353801727295
dual,Van Gogh,15,13,32.358211517333984,32.358211517333984,0.4708273708820343,0.35055240988731384
dual,Van Gogh,15,14,32.18195724487305,32.18195724487305,0.5497807264328003,0.35435643792152405
dual,Van Gogh,15,15,32.22221755981445,32.22221755981445,0.6044235825538635,0.4055100381374359
dual,Van Gogh,15,16,49.69647216796875,49.69647216796875,0.4503173828125,0.4230608642101288
dual,Van Gogh,15,17,31.899133682250977,31.899133682250977,0.45995861291885376,0.3225511610507965
dual,Van Gogh,15,18,32.86713409423828,32.86713409423828,0.5408719182014465,0.35078462958335876
dual,Van Gogh,15,19,32.4539680480957,32.45396423339844,0.591836154460907,0.4183094799518585
dual,Van Gogh,16,0,73.82322692871094,73.82323455810547,0.45106178522109985,0.40870389342308044
dual,Van Gogh,16,1,59.58414077758789,59.58414077758789,0.541732668876648,0.3799794614315033
dual,Van Gogh,16,2,51.22407531738281,51.22407913208008,0.5656183362007141,0.3497838079929352
dual,Van Gogh,16,3,47.28805923461914,47.28805923461914,0.5882238745689392,0.34068530797958374
dual,Van Gogh,16,4,74.51441955566406,74.51441955566406,0.46018001437187195,0.4197688400745392
dual,Van Gogh,16,5,59.85053253173828,59.85053253173828,0.5277839303016663,0.3679414391517639
dual,Van Gogh,16,6,51.92048645019531,51.92048645019531,0.5485879182815552,0.33162322640419006
dual,Van Gogh,16,7,48.15279006958008,48.15279006958008,0.5845765471458435,0.33069875836372375
dual,Van Gogh,16,8,72.51396942138672,72.51396942138672,0.4440101087093353,0.40006282925605774
dual,Van Gogh,16,9,58.78132629394531,58.78133010864258,0.5112223625183105,0.3707997500896454
dual,Van Gogh,16,10,50.19398880004883,50.19398880004883,0.5478043556213379,0.35912084579467773
dual,Van Gogh,16,11,46.70685577392578,46.70685577392578,0.5831506848335266,0.3454383611679077
dual,Van Gogh,16,12,70.5569839477539,70.55699157714844,0.4424895942211151,0.4008515179157257
dual,Van Gogh,16,13,54.10491943359375,54.10491943359375,0.4947950541973114,0.3463699519634247
dual,Van Gogh,16,14,49.05693435668945,49.05693435668945,0.5446035861968994,0.32271549105644226
dual,Van Gogh,16,15,45.99540328979492,45.99540710449219,0.576631486415863,0.321857213973999
dual,Van Gogh,16,16,73.88715362548828,73.88715362548828,0.4557243883609772,0.4139479398727417
dual,Van Gogh,16,17,51.32024002075195,51.32024002075195,0.476897656917572,0.3090229332447052
dual,Van Gogh,16,18,47.96913528442383,47.969139099121094,0.5288541913032532,0.30530881881713867
dual,Van Gogh,16,19,44.86049270629883,44.86049270629883,0.5641434788703918,0.3272480070590973
dual,Van Gogh,17,0,74.0202407836914,74.0202407836914,0.4231676161289215,0.3808574974536896
dual,Van Gogh,17,1,74.490478515625,74.490478515625,0.5478398203849792,0.39503389596939087
dual,Van Gogh,17,2,63.12141799926758,63.12142562866211,0.5492103099822998,0.3541797995567322
dual,Van Gogh,17,3,54.67284393310547,54.6728515625,0.5517479181289673,0.33412593603134155
dual,Van Gogh,17,4,74.87381744384766,74.87381744384766,0.423752099275589,0.3807956874370575
dual,Van Gogh,17,5,77.96083068847656,77.96083068847656,0.5365742444992065,0.3833288550376892
dual,Van Gogh,17,6,64.95430755615234,64.95431518554688,0.5389100313186646,0.3489137291908264
dual,Van Gogh,17,7,54.414581298828125,54.41458511352539,0.5572710037231445,0.3264998197555542
dual,Van Gogh,17,8,72.11576843261719,72.11576843261719,0.415799081325531,0.3751232326030731
dual,Van Gogh,17,9,75.13182067871094,75.13182830810547,0.5308719277381897,0.3818349838256836
dual,Van Gogh,17,10,64.5678482055664,64.5678482055664,0.5501218438148499,0.36856919527053833
dual,Van Gogh,17,11,54.30055618286133,54.30055618286133,0.564174234867096,0.3328534662723541
dual,Van Gogh,17,12,73.05461883544922,73.05461883544922,0.4097224771976471,0.36675068736076355
dual,Van Gogh,17,13,72.8926773071289,72.8926773071289,0.5279147624969482,0.3880654573440552
dual,Van Gogh,17,14,63.10763931274414,63.10764694213867,0.549015998840332,0.347310870885849
dual,Van Gogh,17,15,54.23527145385742,54.23527526855469,0.5594435930252075,0.3181591033935547
dual,Van Gogh,17,16,76.40154266357422,76.40154266357422,0.4301499128341675,0.38561657071113586
dual,Van Gogh,17,17,63.75413131713867,63.7541389465332,0.4937736690044403,0.3309285342693329
dual,Van Gogh,17,18,56.78520584106445,56.78520965576172,0.512881875038147,0.3213929533958435
dual,Van Gogh,17,19,50.463199615478516,50.46320343017578,0.5409089922904968,0.32040533423423767
dual,Van Gogh,18,0,71.75294494628906,71.75294494628906,0.40961483120918274,0.36333519220352173
dual,Van Gogh,18,1,79.88821411132812,79.88822174072266,0.5377925038337708,0.3573671877384186
dual,Van Gogh,18,2,61.78897476196289,61.78898239135742,0.5319317579269409,0.3377503454685211
dual,Van Gogh,18,3,49.7972297668457,49.7972297668457,0.5154057145118713,0.3427639603614807
dual,Van Gogh,18,4,71.7068099975586,71.70680236816406,0.4097779095172882,0.36208972334861755
dual,Van Gogh,18,5,76.16326141357422,76.16326904296875,0.514545738697052,0.3259442448616028
dual,Van Gogh,18,6,59.71687698364258,59.71687698364258,0.5137646794319153,0.3207007050514221
dual,Van Gogh,18,7,48.05001449584961,48.050018310546875,0.5091322064399719,0.3474147617816925
dual,Van Gogh,18,8,71.35746765136719,71.35746765136719,0.40498611330986023,0.35932233929634094
dual,Van Gogh,18,9,65.34806060791016,65.34806060791016,0.46530401706695557,0.3329106867313385
dual,Van Gogh,18,10,56.54903793334961,56.54903793334961,0.4837755262851715,0.3068448603153229
dual,Van Gogh,18,11,46.17550277709961,46.17550277709961,0.5042420029640198,0.3452616333961487
dual,Van Gogh,18,12,70.00353240966797,70.0035400390625,0.3940069377422333,0.3496381342411041
dual,Van Gogh,18,13,71.00376892089844,71.00376892089844,0.48992687463760376,0.32231631875038147
dual,Van Gogh,18,14,57.52009963989258,57.52010726928711,0.5120871663093567,0.3220334053039551
dual,Van Gogh,18,15,45.00025939941406,45.00025939941406,0.5034316182136536,0.34154459834098816
dual,Van Gogh,18,16,71.4152603149414,71.41526794433594,0.41322267055511475,0.36442577838897705
dual,Van Gogh,18,17,61.85436248779297,61.85436248779297,0.4765320420265198,0.32147806882858276
dual,Van Gogh,18,18,52.52698516845703,52.52698516845703,0.4984779357910156,0.3262144923210144
dual,Van Gogh,18,19,44.06851577758789,44.06851577758789,0.5014201402664185,0.33532729744911194
single,Van Gogh,0,0,46.24082565307617,46.24082565307617,0.4261741638183594,0.36584600806236267
single,Van Gogh,0,1,45.63624954223633,45.63624954223633,0.5641716122627258,0.3862690031528473
single,Van Gogh,0,2,33.70789337158203,33.70789337158203,0.5833795666694641,0.3945413827896118
single,Van Gogh,0,3,28.3271484375,28.3271484375,0.582495391368866,0.41006162762641907
single,Van Gogh,0,4,45.96085739135742,45.96085739135742,0.4283105432987213,0.36921846866607666
single,Van Gogh,0,5,43.903114318847656,43.90311813354492,0.5486341118812561,0.3694041669368744
single,Van Gogh,0,6,32.88499069213867,32.88499069213867,0.56615149974823,0.3854089379310608
single,Van Gogh,0,7,27.813289642333984,27.813289642333984,0.5863376259803772,0.42448028922080994
single,Van Gogh,0,8,47.03308868408203,47.03308868408203,0.4292958080768585,0.36991050839424133
single,Van Gogh,0,9,36.50970458984375,36.50970458984375,0.4991723299026489,0.3608511686325073
single,Van Gogh,0,10,31.09016227722168,31.09016227722168,0.5364547967910767,0.3670533001422882
single,Van Gogh,0,11,27.322961807250977,27.322961807250977,0.577460527420044,0.42288652062416077
single,Van Gogh,0,12,45.43910217285156,45.43909454345703,0.42032814025878906,0.36201873421669006
single,Van Gogh,0,13,41.49942398071289,41.49942398071289,0.5311512351036072,0.3595183789730072
single,Van Gogh,0,14,32.23099899291992,32.23099899291992,0.56858891248703,0.3859659433364868
single,Van Gogh,0,15,26.40672492980957,26.40672492980957,0.5797120332717896,0.4124979078769684
single,Van Gogh,0,16,46.342124938964844,46.34212112426758,0.4359995424747467,0.37685948610305786
single,Van Gogh,0,17,34.602787017822266,34.60279083251953,0.5028946995735168,0.34129318594932556
single,Van Gogh,0,18,29.655452728271484,29.655452728271484,0.5491142272949219,0.3838949203491211
single,Van Gogh,0,19,25.7841854095459,25.78418731689453,0.5637742280960083,0.407333105802536
single,Van Gogh,1,0,43.18292236328125,43.182926177978516,0.42545709013938904,0.3585369288921356
single,Van Gogh,1,1,39.11389923095703,39.11389923095703,0.5320731997489929,0.3595971465110779
single,Van Gogh,1,2,28.32342529296875,28.32342529296875,0.5375617146492004,0.35237550735473633
single,Van Gogh,1,3,24.08070182800293,24.080699920654297,0.5422762632369995,0.37191540002822876
single,Van Gogh,1,4,42.93134689331055,42.93134689331055,0.42900288105010986,0.3617789149284363
single,Van Gogh,1,5,37.527748107910156,37.527748107910156,0.517928421497345,0.3423347473144531
single,Van Gogh,1,6,27.673311233520508,27.673311233520508,0.5231450200080872,0.3402201235294342
single,Van Gogh,1,7,23.557119369506836,23.557119369506836,0.5464344024658203,0.3729338049888611
single,Van Gogh,1,8,43.18513488769531,43.18513870239258,0.4212248623371124,0.35615283250808716
single,Van Gogh,1,9,31.56064224243164,31.56064224243164,0.464322954416275,0.33170250058174133
single,Van Gogh,1,10,26.294702529907227,26.294702529907227,0.49041759967803955,0.3224591612815857
single,Van Gogh,1,11,23.015499114990234,23.015499114990234,0.531284749507904,0.3711167573928833
single,Van Gogh,1,12,42.890533447265625,42.890533447265625,0.42220067977905273,0.356248676776886
single,Van Gogh,1,13,35.03250503540039,35.03250503540039,0.4936939775943756,0.329956591129303
single,Van Gogh,1,14,26.96026039123535,26.96026039123535,0.5223629474639893,0.3409647047519684
single,Van Gogh,1,15,22.558048248291016,22.558048248291016,0.5382946133613586,0.3664463758468628
single,Van Gogh,1,16,43.52317810058594,43.5231819152832,0.43453559279441833,0.36929675936698914
single,Van Gogh,1,17,29.792062759399414,29.792062759399414,0.47042444348335266,0.31245866417884827
single,Van Gogh,1,18,24.61153793334961,24.611539840698242,0.5011047720909119,0.34167778491973877
single,Van Gogh,1,19,21.73512077331543,21.73512077331543,0.5203208923339844,0.3663228452205658
single,Van Gogh,2,0,38.359317779541016,38.35932159423828,0.4211229383945465,0.3699851334095001
single,Van Gogh,2,1,34.170005798339844,34.170005798339844,0.5249996781349182,0.3551335632801056
single,Van Gogh,2,2,26.71443748474121,26.71443748474121,0.5387720465660095,0.35994184017181396
single,Van Gogh,2,3,25.130483627319336,25.130483627319336,0.558420717716217,0.38271698355674744
single,Van Gogh,2,4,38.32285690307617,38.32285690307617,0.4287411868572235,0.3758796751499176
single,Van Gogh,2,5,33.48218536376953,33.48218536376953,0.5185539722442627,0.3501085042953491
single,Van Gogh,2,6,26.365032196044922,26.365032196044922,0.5250711441040039,0.34982386231422424
single,Van Gogh,2,7,23.95209312438965,23.95209312438965,0.5572267174720764,0.3768397569656372
single,Van Gogh,2,8,38.81845474243164,38.81845474243164,0.42222627997398376,0.37168630957603455
single,Van Gogh,2,9,28.142276763916016,28.142276763916016,0.46666252613067627,0.3215106427669525
single,Van Gogh,2,10,25.222881317138672,25.222883224487305,0.5031923651695251,0.3282403349876404
single,Van Gogh,2,11,23.431669235229492,23.431669235229492,0.547967255115509,0.36842814087867737
single,Van Gogh,2,12,37.6061897277832,37.60619354248047,0.4147922694683075,0.3634660840034485
single,Van Gogh,2,13,31.6115665435791,31.6115665435791,0.502282440662384,0.3316941261291504
single,Van Gogh,2,14,25.904151916503906,25.904151916503906,0.535747766494751,0.3546796143054962
single,Van Gogh,2,15,23.389968872070312,23.389970779418945,0.562859833240509,0.37402063608169556
single,Van Gogh,2,16,39.157623291015625,39.15762710571289,0.4349091947078705,0.3838973641395569
single,Van Gogh,2,17,26.994375228881836,26.9943790435791,0.47015824913978577,0.3177410364151001
single,Van Gogh,2,18,23.459150314331055,23.459150314331055,0.5022619366645813,0.34062105417251587
single,Van Gogh,2,19,22.491559982299805,22.491559982299805,0.5350664258003235,0.3611047565937042
single,Van Gogh,3,0,34.848731994628906,34.84873580932617,0.42893552780151367,0.3755430281162262
single,Van Gogh,3,1,30.74477195739746,30.744775772094727,0.5354318618774414,0.37044498324394226
single,Van Gogh,3,2,26.17044448852539,26.170446395874023,0.5700185894966125,0.3924861550331116
single,Van Gogh,3,3,25.149343490600586,25.14934539794922,0.5801719427108765,0.4099586308002472
single,Van Gogh,3,4,35.01411056518555,35.01411437988281,0.44267886877059937,0.3853151202201843
single,Van Gogh,3,5,30.11985206604004,30.119855880737305,0.5254538655281067,0.3605150282382965
single,Van Gogh,3,6,25.23610496520996,25.236106872558594,0.54332435131073,0.3744281232357025
single,Van Gogh,3,7,24.98814582824707,24.98814582824707,0.5931429862976074,0.4228169023990631
single,Van Gogh,3,8,35.247520446777344,35.24752426147461,0.4306038022041321,0.37577715516090393
single,Van Gogh,3,9,25.800430297851562,25.800432205200195,0.48013052344322205,0.3376154899597168
single,Van Gogh,3,10,25.126731872558594,25.126731872558594,0.5323856472969055,0.36827030777931213
single,Van Gogh,3,11,25.276750564575195,25.276750564575195,0.5960896015167236,0.4266471564769745
single,Van Gogh,3,12,34.28764724731445,34.28764724731445,0.42632368206977844,0.37322935461997986
single,Van Gogh,3,13,28.98757553100586,28.98757553100586,0.5116145014762878,0.34524980187416077
single,Van Gogh,3,14,25.556467056274414,25.556467056274414,0.5581486225128174,0.38652756810188293
single,Van Gogh,3,15,24.921884536743164,24.921886444091797,0.5989612936973572,0.4213089942932129
single,Van Gogh,3,16,35.59550476074219,35.59550857543945,0.4442373812198639,0.3889516294002533
single,Van Gogh,3,17,26.07830810546875,26.078311920166016,0.48908716440200806,0.34651729464530945
single,Van Gogh,3,18,24.393186569213867,24.393186569213867,0.5390295386314392,0.37988170981407166
single,Van Gogh,3,19,23.702735900878906,23.70273780822754,0.5776493549346924,0.408256471157074
single,Van Gogh,4,0,36.12103271484375,36.12103271484375,0.4474831223487854,0.3769198954105377
single,Van Gogh,4,1,29.475732803344727,29.47573471069336,0.5328930616378784,0.3563564717769623
single,Van Gogh,4,2,23.269393920898438,23.26939582824707,0.5407484769821167,0.37624427676200867
single,Van Gogh,4,3,20.857812881469727,20.857812881469727,0.5219432711601257,0.374552845954895
single,Van Gogh,4,4,35.63441848754883,35.63441848754883,0.45393234491348267,0.38288408517837524
single,Van Gogh,4,5,28.86849594116211,28.868499755859375,0.5192786455154419,0.34113436937332153
single,Van Gogh,4,6,22.56534767150879,22.565349578857422,0.5120319724082947,0.3552856743335724
single,Van Gogh,4,7,20.65782356262207,20.65782356262207,0.5272189378738403,0.3834780156612396
single,Van Gogh,4,8,36.52424621582031,36.52424621582031,0.446490615606308,0.37601497769355774
single,Van Gogh,4,9,23.465559005737305,23.465559005737305,0.4630918502807617,0.3176293969154358
single,Van Gogh,4,10,21.793292999267578,21.79329490661621,0.49190154671669006,0.3514021933078766
single,Van Gogh,4,11,21.500391006469727,21.500391006469727,0.5406440496444702,0.40563833713531494
single,Van Gogh,4,12,34.86225891113281,34.86225509643555,0.4389633536338806,0.3698643743991852
single,Van Gogh,4,13,27.07808494567871,27.07808494567871,0.49606895446777344,0.32918858528137207
single,Van Gogh,4,14,22.846765518188477,22.846765518188477,0.5223461985588074,0.3648994266986847
single,Van Gogh,4,15,20.005659103393555,20.005659103393555,0.5225922465324402,0.37570327520370483
single,Van Gogh,4,16,36.4453125,36.4453125,0.45776230096817017,0.38681474328041077
single,Van Gogh,4,17,24.067386627197266,24.067386627197266,0.47161102294921875,0.32863011956214905
single,Van Gogh,4,18,20.55112075805664,20.55112075805664,0.4886879324913025,0.34953778982162476
single,Van Gogh,4,19,19.197473526000977,19.197473526000977,0.49727243185043335,0.360998272895813
single,Van Gogh,5,0,34.96531295776367,34.96531295776367,0.4563602805137634,0.3874911367893219
single,Van Gogh,5,1,29.60331153869629,29.60331153869629,0.5217908024787903,0.3532535135746002
single,Van Gogh,5,2,24.18584442138672,24.18584632873535,0.535760760307312,0.3932010233402252
single,Van Gogh,5,3,22.00477409362793,22.00477409362793,0.5187991261482239,0.3915351331233978
single,Van Gogh,5,4,34.680015563964844,34.68001937866211,0.46244749426841736,0.39365220069885254
single,Van Gogh,5,5,29.19565200805664,29.195655822753906,0.5120977163314819,0.3435491621494293
single,Van Gogh,5,6,23.123401641845703,23.123403549194336,0.5056694746017456,0.3615826666355133
single,Van Gogh,5,7,21.687774658203125,21.687774658203125,0.5328759551048279,0.3985559642314911
single,Van Gogh,5,8,35.33756637573242,35.33756637573242,0.4570977985858917,0.38897812366485596
single,Van Gogh,5,9,24.39975929260254,24.399761199951172,0.4745029807090759,0.3345247507095337
single,Van Gogh,5,10,23.868812561035156,23.868812561035156,0.516502857208252,0.3883586823940277
single,Van Gogh,5,11,23.868371963500977,23.868371963500977,0.5602904558181763,0.4237741529941559
single,Van Gogh,5,12,33.97044372558594,33.9704475402832,0.4489167630672455,0.3825528025627136
single,Van Gogh,5,13,26.964754104614258,26.964754104614258,0.48525992035865784,0.32593193650245667
single,Van Gogh,5,14,24.006155014038086,24.006155014038086,0.5238822102546692,0.38828209042549133
single,Van Gogh,5,15,21.04123878479004,21.04123878479004,0.524257481098175,0.393003910779953
single,Van Gogh,5,16,35.06527328491211,35.06527328491211,0.46381548047065735,0.39474692940711975
single,Van Gogh,5,17,24.34657096862793,24.34657096862793,0.4715227484703064,0.3308980464935303
single,Van Gogh,5,18,21.522220611572266,21.522220611572266,0.4926595687866211,0.36861008405685425
single,Van Gogh,5,19,20.717559814453125,20.717559814453125,0.5065516233444214,0.37878283858299255
single,Van Gogh,6,0,34.30405807495117,34.30405807495117,0.45122092962265015,0.40096065402030945
single,Van Gogh,6,1,28.026647567749023,28.026647567749023,0.5045843124389648,0.3518897593021393
single,Van Gogh,6,2,24.139989852905273,24.139989852905273,0.5310156345367432,0.36193016171455383
single,Van Gogh,6,3,22.910091400146484,22.910091400146484,0.5057190656661987,0.35192006826400757
single,Van Gogh,6,4,34.06557083129883,34.06557083129883,0.4580449163913727,0.4040774703025818
single,Van Gogh,6,5,27.629343032836914,27.629343032836914,0.48778286576271057,0.3335442543029785
single,Van Gogh,6,6,24.0471134185791,24.0471134185791,0.512802243232727,0.34392833709716797
single,Van Gogh,6,7,22.990535736083984,22.990535736083984,0.5277095437049866,0.36371177434921265
single,Van Gogh,6,8,34.00632095336914,34.006324768066406,0.4463796615600586,0.3964485824108124
single,Van Gogh,6,9,23.246335983276367,23.246337890625,0.45826059579849243,0.33157286047935486
single,Van Gogh,6,10,23.281856536865234,23.281858444213867,0.5062935948371887,0.34691086411476135
single,Van Gogh,6,11,23.266895294189453,23.26689338684082,0.5404729843139648,0.3888610005378723
single,Van Gogh,6,12,32.8087043762207,32.8087043762207,0.43893784284591675,0.3890930712223053
single,Van Gogh,6,13,25.66248321533203,25.66248321533203,0.4689723253250122,0.32308611273765564
single,Van Gogh,6,14,24.171167373657227,24.17116928100586,0.514048159122467,0.3444348871707916
single,Van Gogh,6,15,22.262588500976562,22.262588500976562,0.523871660232544,0.35733291506767273
single,Van Gogh,6,16,33.9028205871582,33.9028205871582,0.45422521233558655,0.4036523997783661
single,Van Gogh,6,17,23.095172882080078,23.09517478942871,0.45707428455352783,0.330241858959198
single,Van Gogh,6,18,20.92911148071289,20.92911148071289,0.48290613293647766,0.31802883744239807
single,Van Gogh,6,19,22.07314109802246,22.07314109802246,0.5125259757041931,0.35391661524772644
single,Van Gogh,7,0,27.397483825683594,27.397485733032227,0.4438316524028778,0.38726991415023804
single,Van Gogh,7,1,21.39784812927246,21.39784812927246,0.46334394812583923,0.31318435072898865
single,Van Gogh,7,2,18.8459415435791,18.8459415435791,0.48629775643348694,0.32644516229629517
single,Van Gogh,7,3,19.19780158996582,19.19780158996582,0.48704496026039124,0.33890438079833984
single,Van Gogh,7,4,27.201623916625977,27.201623916625977,0.45271390676498413,0.3921007513999939
single,Van Gogh,7,5,21.263431549072266,21.2634334564209,0.45440515875816345,0.3073558211326599
single,Van Gogh,7,6,19.45027732849121,19.45027732849121,0.4892534613609314,0.3309129774570465
single,Van Gogh,7,7,19.373804092407227,19.373804092407227,0.4938456118106842,0.34265613555908203
single,Van Gogh,7,8,27.826948165893555,27.82695198059082,0.4465039074420929,0.3875621259212494
single,Van Gogh,7,9,18.216848373413086,18.216848373413086,0.42401155829429626,0.2846038341522217
single,Van Gogh,7,10,18.938127517700195,18.938129425048828,0.4744473099708557,0.30494585633277893
single,Van Gogh,7,11,19.428300857543945,19.428300857543945,0.49651220440864563,0.3533586263656616
single,Van Gogh,7,12,26.35103988647461,26.35103988647461,0.4409039318561554,0.3852817118167877
single,Van Gogh,7,13,19.94134521484375,19.94134521484375,0.44108036160469055,0.28196412324905396
single,Van Gogh,7,14,19.725679397583008,19.72568130493164,0.49359840154647827,0.32962512969970703
single,Van Gogh,7,15,18.675931930541992,18.675931930541992,0.5052620768547058,0.36189284920692444
single,Van Gogh,7,16,26.93096351623535,26.930965423583984,0.4469558298587799,0.3893222510814667
single,Van Gogh,7,17,18.31015968322754,18.31015968322754,0.43674665689468384,0.29411882162094116
single,Van Gogh,7,18,16.748130798339844,16.748130798339844,0.45570510625839233,0.302641361951828
single,Van Gogh,7,19,18.880306243896484,18.880306243896484,0.5128319263458252,0.3695873022079468
single,Van Gogh,8,0,28.51595687866211,28.51595687866211,0.439355731010437,0.3762262165546417
single,Van Gogh,8,1,23.43450927734375,23.434511184692383,0.4833451509475708,0.30621257424354553
single,Van Gogh,8,2,20.954893112182617,20.954893112182617,0.5136023759841919,0.3735318183898926
single,Van Gogh,8,3,20.344600677490234,20.344600677490234,0.49450281262397766,0.364346444606781
single,Van Gogh,8,4,28.46953773498535,28.46953773498535,0.4490620195865631,0.3855379521846771
single,Van Gogh,8,5,23.4599552154541,23.4599552154541,0.47943606972694397,0.2968694269657135
single,Van Gogh,8,6,20.582929611206055,20.582929611206055,0.49681559205055237,0.3628236949443817
single,Van Gogh,8,7,20.678190231323242,20.678190231323242,0.5219385623931885,0.3914308547973633
single,Van Gogh,8,8,28.71475601196289,28.714759826660156,0.4365033209323883,0.37193217873573303
single,Van Gogh,8,9,18.322202682495117,18.32220458984375,0.4193354547023773,0.272817462682724
single,Van Gogh,8,10,18.833003997802734,18.833005905151367,0.47335317730903625,0.34245601296424866
single,Van Gogh,8,11,20.069894790649414,20.069894790649414,0.5017401576042175,0.38226622343063354
single,Van Gogh,8,12,27.434001922607422,27.434003829956055,0.4312950372695923,0.3710552155971527
single,Van Gogh,8,13,21.552459716796875,21.552459716796875,0.45255354046821594,0.2771863341331482
single,Van Gogh,8,14,20.877397537231445,20.877397537231445,0.5033434629440308,0.3637602925300598
single,Van Gogh,8,15,19.693336486816406,19.693336486816406,0.5242244005203247,0.39922600984573364
single,Van Gogh,8,16,28.256732940673828,28.256732940673828,0.4436683654785156,0.3802924156188965
single,Van Gogh,8,17,18.78861427307129,18.78861427307129,0.4335132837295532,0.27340519428253174
single,Van Gogh,8,18,17.460039138793945,17.460039138793945,0.4566033184528351,0.31726568937301636
single,Van Gogh,8,19,19.574424743652344,19.574424743652344,0.5286433696746826,0.39244046807289124
single,Van Gogh,9,0,30.53059196472168,30.53059196472168,0.4555903673171997,0.36978429555892944
single,Van Gogh,9,1,24.49652099609375,24.49652099609375,0.48604074120521545,0.32975760102272034
single,Van Gogh,9,2,21.500701904296875,21.500701904296875,0.5149405598640442,0.3651558756828308
single,Van Gogh,9,3,19.35036849975586,19.350372314453125,0.4966222941875458,0.34848979115486145
single,Van Gogh,9,4,30.03956413269043,30.03956413269043,0.46197447180747986,0.37486982345581055
single,Van Gogh,9,5,24.615747451782227,24.61574935913086,0.48097917437553406,0.3186764121055603
single,Van Gogh,9,6,20.591020584106445,20.591022491455078,0.49328580498695374,0.3577832579612732
single,Van Gogh,9,7,18.966476440429688,18.966476440429688,0.49685436487197876,0.35946762561798096
single,Van Gogh,9,8,30.4600830078125,30.4600830078125,0.44724592566490173,0.36010488867759705
single,Van Gogh,9,9,20.141117095947266,20.141117095947266,0.43522587418556213,0.28745338320732117
single,Van Gogh,9,10,19.960847854614258,19.96084976196289,0.4824906587600708,0.33795449137687683
single,Van Gogh,9,11,20.0574951171875,20.057498931884766,0.4996759593486786,0.35554400086402893
single,Van Gogh,9,12,29.420936584472656,29.420936584472656,0.4473262429237366,0.364616334438324
single,Van Gogh,9,13,23.096174240112305,23.09617805480957,0.4718083441257477,0.31925609707832336
single,Van Gogh,9,14,20.86771011352539,20.86771011352539,0.4937717616558075,0.3534526526927948
single,Van Gogh,9,15,18.80810546875,18.808107376098633,0.5062257647514343,0.37166866660118103
single,Van Gogh,9,16,30.02364158630371,30.02364158630371,0.4573575258255005,0.3728821873664856
single,Van Gogh,9,17,19.470924377441406,19.470924377441406,0.43449386954307556,0.29173871874809265
single,Van Gogh,9,18,19.171175003051758,19.171175003051758,0.47683730721473694,0.34668710827827454
single,Van Gogh,9,19,18.578245162963867,18.578245162963867,0.5176842212677002,0.3811511993408203
single,Van Gogh,10,0,26.701570510864258,26.701568603515625,0.429177463054657,0.3568510115146637
single,Van Gogh,10,1,22.369510650634766,22.369510650634766,0.47016578912734985,0.2896731197834015
single,Van Gogh,10,2,20.067665100097656,20.067665100097656,0.5103533864021301,0.3761073350906372
single,Van Gogh,10,3,17.770187377929688,17.77018928527832,0.49452781677246094,0.3653220236301422
single,Van Gogh,10,4,26.222837448120117,26.222835540771484,0.4298636019229889,0.3561900854110718
single,Van Gogh,10,5,22.032175064086914,22.032175064086914,0.4623171389102936,0.28207555413246155
single,Van Gogh,10,6,19.72934913635254,19.72934913635254,0.4880135953426361,0.3700791001319885
single,Van Gogh,10,7,18.60871696472168,18.60871696472168,0.5070899128913879,0.3802202045917511
single,Van Gogh,10,8,27.079538345336914,27.079538345336914,0.42615780234336853,0.3510853350162506
single,Van Gogh,10,9,18.185651779174805,18.185651779174805,0.41126877069473267,0.25527223944664
single,Van Gogh,10,10,18.824581146240234,18.824581146240234,0.466876357793808,0.3182201683521271
single,Van Gogh,10,11,19.46797752380371,19.46797752380371,0.507188618183136,0.37450334429740906
single,Van Gogh,10,12,26.04628562927246,26.04628562927246,0.4233900308609009,0.3514721691608429
single,Van Gogh,10,13,21.070573806762695,21.070573806762695,0.4542611539363861,0.2790643572807312
single,Van Gogh,10,14,19.93332862854004,19.933330535888672,0.49325424432754517,0.37173524498939514
single,Van Gogh,10,15,18.742801666259766,18.7428035736084,0.5202294588088989,0.38352257013320923
single,Van Gogh,10,16,26.2338809967041,26.2338809967041,0.43180182576179504,0.3598399758338928
single,Van Gogh,10,17,18.464624404907227,18.464624404907227,0.4289828836917877,0.28473490476608276
single,Van Gogh,10,18,17.829113006591797,17.82911491394043,0.4686683118343353,0.3312164843082428
single,Van Gogh,10,19,18.94890785217285,18.94890785217285,0.5196703672409058,0.3672141432762146
single,Van Gogh,11,0,26.451623916625977,26.45162582397461,0.43684467673301697,0.3619477152824402
single,Van Gogh,11,1,21.57416343688965,21.57416534423828,0.45294496417045593,0.281978040933609
single,Van Gogh,11,2,18.34471893310547,18.34471893310547,0.45272254943847656,0.3109506070613861
single,Van Gogh,11,3,16.471181869506836,16.471181869506836,0.4502461850643158,0.3254649341106415
single,Van Gogh,11,4,25.85288429260254,25.852886199951172,0.43569132685661316,0.3590621054172516
single,Van Gogh,11,5,21.56157112121582,21.56157112121582,0.45542824268341064,0.2853858768939972
single,Van Gogh,11,6,18.79134178161621,18.79134178161621,0.4450547993183136,0.306797057390213
single,Van Gogh,11,7,16.00745964050293,16.00745964050293,0.4308064579963684,0.30897256731987
single,Van Gogh,11,8,26.43521499633789,26.43521499633789,0.43383172154426575,0.35955938696861267
single,Van Gogh,11,9,18.50935173034668,18.509353637695312,0.4140753448009491,0.2625502943992615
single,Van Gogh,11,10,17.451148986816406,17.451148986816406,0.4159146547317505,0.2868485748767853
single,Van Gogh,11,11,17.68729591369629,17.68729591369629,0.4490949809551239,0.3089968264102936
single,Van Gogh,11,12,25.865497589111328,25.865497589111328,0.42842844128608704,0.35201066732406616
single,Van Gogh,11,13,20.25454330444336,20.25454330444336,0.4303831458091736,0.26528146862983704
single,Van Gogh,11,14,18.08362579345703,18.08362579345703,0.4404096007347107,0.3078954517841339
single,Van Gogh,11,15,17.027191162109375,17.027191162109375,0.4406934976577759,0.3059419095516205
single,Van Gogh,11,16,25.934062957763672,25.934062957763672,0.43685808777809143,0.36534133553504944
single,Van Gogh,11,17,18.78594398498535,18.78594398498535,0.4187976121902466,0.2621334195137024
single,Van Gogh,11,18,17.48824691772461,17.48824691772461,0.4272461235523224,0.2919010519981384
single,Van Gogh,11,19,16.33374786376953,16.33374786376953,0.4281435012817383,0.2893144190311432
single,Van Gogh,12,0,25.162708282470703,25.16270637512207,0.41876164078712463,0.34655511379241943
single,Van Gogh,12,1,20.09196662902832,20.09196662902832,0.4462076425552368,0.3026137948036194
single,Van Gogh,12,2,17.476985931396484,17.476985931396484,0.45819923281669617,0.3103550970554352
single,Van Gogh,12,3,15.004157066345215,15.004158973693848,0.4467706084251404,0.3125067949295044
single,Van Gogh,12,4,24.92091941833496,24.92091941833496,0.41908979415893555,0.34778356552124023
single,Van Gogh,12,5,20.032012939453125,20.032012939453125,0.44645848870277405,0.3045370876789093
single,Van Gogh,12,6,17.777305603027344,17.777305603027344,0.44768577814102173,0.3187016546726227
single,Van Gogh,12,7,14.95245361328125,14.95245361328125,0.4367876648902893,0.32134485244750977
single,Van Gogh,12,8,25.17527198791504,25.17527198791504,0.4140685498714447,0.35105520486831665
single,Van Gogh,12,9,16.215829849243164,16.215829849243164,0.3877834677696228,0.2563962936401367
single,Van Gogh,12,10,16.03409767150879,16.03409767150879,0.40910834074020386,0.2759905159473419
single,Van Gogh,12,11,16.21944808959961,16.219449996948242,0.4503648579120636,0.33568722009658813
single,Van Gogh,12,12,24.445581436157227,24.445579528808594,0.40923377871513367,0.33692434430122375
single,Van Gogh,12,13,19.279109954833984,19.279109954833984,0.43278613686561584,0.2735973298549652
single,Van Gogh,12,14,16.919301986694336,16.919301986694336,0.4325547516345978,0.31818825006484985
single,Van Gogh,12,15,15.336809158325195,15.336809158325195,0.436218798160553,0.3064482808113098
single,Van Gogh,12,16,24.931869506835938,24.931867599487305,0.4212828278541565,0.35637491941452026
single,Van Gogh,12,17,18.16541862487793,18.16541862487793,0.4185680150985718,0.29719066619873047
single,Van Gogh,12,18,16.28805923461914,16.288061141967773,0.422315388917923,0.2929690182209015
single,Van Gogh,12,19,15.202960968017578,15.202961921691895,0.43031859397888184,0.30233776569366455
single,Van Gogh,13,0,26.26879119873047,26.2687931060791,0.4140576720237732,0.3418305814266205
single,Van Gogh,13,1,22.170515060424805,22.170515060424805,0.44563212990760803,0.29395416378974915
single,Van Gogh,13,2,18.9586181640625,18.9586181640625,0.44180434942245483,0.29133492708206177
single,Van Gogh,13,3,16.38275909423828,16.38275909423828,0.445867657661438,0.30049610137939453
single,Van Gogh,13,4,25.84671401977539,25.846717834472656,0.41225895285606384,0.3417898416519165
single,Van Gogh,13,5,22.35514259338379,22.35514259338379,0.45155641436576843,0.2944581210613251
single,Van Gogh,13,6,19.325109481811523,19.325109481811523,0.4428771436214447,0.2973974645137787
single,Van Gogh,13,7,15.993054389953613,15.993054389953613,0.423431396484375,0.29785802960395813
single,Van Gogh,13,8,26.452781677246094,26.452783584594727,0.41038984060287476,0.3461552858352661
single,Van Gogh,13,9,18.113569259643555,18.113571166992188,0.3856358230113983,0.2516941726207733
single,Van Gogh,13,10,17.873477935791016,17.873477935791016,0.40626010298728943,0.2761935293674469
single,Van Gogh,13,11,16.862367630004883,16.862367630004883,0.43187013268470764,0.30783510208129883
single,Van Gogh,13,12,25.534982681274414,25.534984588623047,0.40223079919815063,0.32848766446113586
single,Van Gogh,13,13,21.578868865966797,21.57887077331543,0.4362848103046417,0.27720150351524353
single,Van Gogh,13,14,18.27174186706543,18.271745681762695,0.42750975489616394,0.2847626209259033
single,Van Gogh,13,15,17.114389419555664,17.114389419555664,0.4365110695362091,0.27528253197669983
single,Van Gogh,13,16,25.981000900268555,25.981000900268555,0.41672706604003906,0.3548111915588379
single,Van Gogh,13,17,20.80010414123535,20.800106048583984,0.42319053411483765,0.27223870158195496
single,Van Gogh,13,18,18.25820541381836,18.258207321166992,0.43049585819244385,0.28095075488090515
single,Van Gogh,13,19,16.254369735717773,16.254371643066406,0.41196519136428833,0.2677292823791504
single,Van Gogh,14,0,24.88258934020996,24.882591247558594,0.3930113613605499,0.3335270285606384
single,Van Gogh,14,1,20.294254302978516,20.294254302978516,0.41383618116378784,0.283576637506485
single,Van Gogh,14,2,18.449087142944336,18.449087142944336,0.4414933919906616,0.2896755039691925
single,Van Gogh,14,3,17.85919952392578,17.85919952392578,0.46802711486816406,0.31062522530555725
single,Van Gogh,14,4,23.944580078125,23.944580078125,0.3834027647972107,0.32785874605178833
single,Van Gogh,14,5,20.24495506286621,20.24495506286621,0.4142521917819977,0.2722834050655365
single,Van Gogh,14,6,18.653654098510742,18.653656005859375,0.44313299655914307,0.29289257526397705
single,Van Gogh,14,7,16.912458419799805,16.912458419799805,0.45155736804008484,0.290554404258728
single,Van Gogh,14,8,24.76210594177246,24.76210594177246,0.3857446014881134,0.3338910639286041
single,Van Gogh,14,9,16.811771392822266,16.811771392822266,0.3593747019767761,0.2404966950416565
single,Van Gogh,14,10,17.026201248168945,17.026201248168945,0.4045916497707367,0.27075502276420593
single,Van Gogh,14,11,18.1628360748291,18.1628360748291,0.4474598169326782,0.3128907084465027
single,Van Gogh,14,12,23.992841720581055,23.992841720581055,0.37998855113983154,0.3190913498401642
single,Van Gogh,14,13,20.008697509765625,20.008697509765625,0.4158470630645752,0.26686933636665344
single,Van Gogh,14,14,18.181276321411133,18.181276321411133,0.4302486181259155,0.2783176004886627
single,Van Gogh,14,15,18.292957305908203,18.292957305908203,0.46887630224227905,0.29143667221069336
single,Van Gogh,14,16,24.50970458984375,24.50970458984375,0.389193058013916,0.3398861885070801
single,Van Gogh,14,17,20.339397430419922,20.339397430419922,0.41298165917396545,0.2680034339427948
single,Van Gogh,14,18,18.540042877197266,18.540042877197266,0.4378894865512848,0.29219216108322144
single,Van Gogh,14,19,18.15007209777832,18.15007209777832,0.45212534070014954,0.2821255922317505
single,Van Gogh,15,0,27.025541305541992,27.025543212890625,0.40870705246925354,0.35157114267349243
single,Van Gogh,15,1,24.301347732543945,24.301347732543945,0.4465172588825226,0.2898412346839905
single,Van Gogh,15,2,20.46356964111328,20.46356964111328,0.42391613125801086,0.2833262085914612
single,Van Gogh,15,3,18.12757110595703,18.12757110595703,0.4299858510494232,0.3115842938423157
single,Van Gogh,15,4,26.71302604675293,26.71302604675293,0.40296345949172974,0.3478204607963562
single,Van Gogh,15,5,24.15056037902832,24.15056037902832,0.44091543555259705,0.28916141390800476
single,Van Gogh,15,6,19.783935546875,19.783935546875,0.42412665486335754,0.2890554964542389
single,Van Gogh,15,7,17.8995418548584,17.8995418548584,0.408196359872818,0.2886001169681549
single,Van Gogh,15,8,26.324291229248047,26.32429313659668,0.38941490650177,0.34380725026130676
single,Van Gogh,15,9,22.019567489624023,22.019569396972656,0.4034057855606079,0.26819413900375366
single,Van Gogh,15,10,18.790571212768555,18.790571212768555,0.39045795798301697,0.2739735245704651
single,Van Gogh,15,11,19.301931381225586,19.301931381225586,0.4224945306777954,0.30169835686683655
single,Van Gogh,15,12,26.263629913330078,26.26363182067871,0.39046066999435425,0.33142557740211487
single,Van Gogh,15,13,23.511940002441406,23.511940002441406,0.43473726511001587,0.2607749402523041
single,Van Gogh,15,14,19.885169982910156,19.88517189025879,0.41309601068496704,0.27466532588005066
single,Van Gogh,15,15,17.84221649169922,17.84221839904785,0.412040114402771,0.2742464244365692
single,Van Gogh,15,16,27.10066795349121,27.10066795349121,0.40604618191719055,0.3548993170261383
single,Van Gogh,15,17,21.587783813476562,21.587785720825195,0.4007014334201813,0.2604944407939911
single,Van Gogh,15,18,18.8408145904541,18.8408145904541,0.40135544538497925,0.2788151800632477
single,Van Gogh,15,19,18.33636474609375,18.33636474609375,0.399834543466568,0.28978273272514343
single,Van Gogh,16,0,24.982410430908203,24.982410430908203,0.41213804483413696,0.3578159809112549
single,Van Gogh,16,1,19.755916595458984,19.755918502807617,0.39945417642593384,0.26705366373062134
single,Van Gogh,16,2,19.472537994384766,19.472537994384766,0.42273157835006714,0.28044039011001587
single,Van Gogh,16,3,17.30581283569336,17.305810928344727,0.4124564230442047,0.2919780910015106
single,Van Gogh,16,4,24.93985366821289,24.93985366821289,0.40859147906303406,0.3574150800704956
single,Van Gogh,16,5,20.87359619140625,20.873598098754883,0.41056495904922485,0.2770158350467682
single,Van Gogh,16,6,18.637746810913086,18.637746810913086,0.41973018646240234,0.2886869013309479
single,Van Gogh,16,7,15.75285816192627,15.752860069274902,0.37609487771987915,0.23348672688007355
single,Van Gogh,16,8,24.651203155517578,24.651203155517578,0.39739078283309937,0.35442304611206055
single,Van Gogh,16,9,20.008474349975586,20.008474349975586,0.3928510248661041,0.27740350365638733
single,Van Gogh,16,10,17.91166114807129,17.91166114807129,0.39334118366241455,0.27309152483940125
single,Van Gogh,16,11,19.6313419342041,19.6313419342041,0.4286101460456848,0.29885974526405334
single,Van Gogh,16,12,24.048011779785156,24.048011779785156,0.3864368498325348,0.33658185601234436
single,Van Gogh,16,13,20.581953048706055,20.581953048706055,0.4093281328678131,0.25500017404556274
single,Van Gogh,16,14,19.64592933654785,19.64592933654785,0.41822749376296997,0.2802581191062927
single,Van Gogh,16,15,17.643409729003906,17.643409729003906,0.41998291015625,0.24877776205539703
single,Van Gogh,16,16,25.05599021911621,25.05599021911621,0.40672656893730164,0.36354202032089233
single,Van Gogh,16,17,21.3414306640625,21.3414306640625,0.4155022203922272,0.2685793340206146
single,Van Gogh,16,18,18.26786231994629,18.26786231994629,0.408875048160553,0.2575227618217468
single,Van Gogh,16,19,17.251020431518555,17.251020431518555,0.38298237323760986,0.2446417510509491
single,Van Gogh,17,0,20.59239959716797,20.59239959716797,0.39417892694473267,0.3516141474246979
single,Van Gogh,17,1,18.48305320739746,18.48305320739746,0.3858935534954071,0.26528826355934143
single,Van Gogh,17,2,17.15513038635254,17.15513038635254,0.39611509442329407,0.25108614563941956
single,Van Gogh,17,3,15.79862117767334,15.79862117767334,0.3953947424888611,0.28213992714881897
single,Van Gogh,17,4,21.347347259521484,21.347347259521484,0.3958739936351776,0.3560488820075989
single,Van Gogh,17,5,18.505144119262695,18.505144119262695,0.37568238377571106,0.2605694830417633
single,Van Gogh,17,6,17.24915313720703,17.24915313720703,0.39973849058151245,0.26618799567222595
single,Van Gogh,17,7,14.81641960144043,14.816421508789062,0.36281153559684753,0.2328883856534958
single,Van Gogh,17,8,21.516592025756836,21.516592025756836,0.39075613021850586,0.35122162103652954
single,Van Gogh,17,9,17.355871200561523,17.355871200561523,0.34925028681755066,0.2268069088459015
single,Van Gogh,17,10,16.55483627319336,16.55483627319336,0.37441471219062805,0.2516760528087616
single,Van Gogh,17,11,17.924482345581055,17.924482345581055,0.4135616421699524,0.30626338720321655
single,Van Gogh,17,12,19.660837173461914,19.660837173461914,0.36269164085388184,0.32283544540405273
single,Van Gogh,17,13,18.904733657836914,18.904733657836914,0.3858253061771393,0.25303539633750916
single,Van Gogh,17,14,17.908437728881836,17.908437728881836,0.3957150876522064,0.25724148750305176
single,Van Gogh,17,15,16.606054306030273,16.606054306030273,0.41663727164268494,0.2639940083026886
single,Van Gogh,17,16,21.08604621887207,21.08604621887207,0.3885294198989868,0.350593626499176
single,Van Gogh,17,17,18.050317764282227,18.050317764282227,0.3766174912452698,0.258587509393692
single,Van Gogh,17,18,16.822717666625977,16.822717666625977,0.3970783054828644,0.2548379600048065
single,Van Gogh,17,19,16.34027099609375,16.34027099609375,0.37032127380371094,0.25191253423690796
single,Van Gogh,18,0,16.330036163330078,16.33003807067871,0.38772648572921753,0.3450327515602112
single,Van Gogh,18,1,16.648292541503906,16.648292541503906,0.391236811876297,0.2656365633010864
single,Van Gogh,18,2,16.314119338989258,16.314119338989258,0.4018261134624481,0.2792529761791229
single,Van Gogh,18,3,15.7855806350708,15.7855806350708,0.40911224484443665,0.30347535014152527
single,Van Gogh,18,4,16.655681610107422,16.655681610107422,0.38136306405067444,0.33981528878211975
single,Van Gogh,18,5,17.6726016998291,17.6726016998291,0.40497928857803345,0.2850591838359833
single,Van Gogh,18,6,16.733829498291016,16.733829498291016,0.4108371436595917,0.2884736657142639
single,Van Gogh,18,7,14.88577938079834,14.88577938079834,0.37699422240257263,0.2570672631263733
single,Van Gogh,18,8,16.495405197143555,16.495405197143555,0.3695146143436432,0.335717111825943
single,Van Gogh,18,9,16.04412269592285,16.04412269592285,0.36973991990089417,0.2590300738811493
single,Van Gogh,18,10,15.015945434570312,15.015945434570312,0.3823167383670807,0.2665058672428131
single,Van Gogh,18,11,17.302568435668945,17.302568435668945,0.41912683844566345,0.30629825592041016
single,Van Gogh,18,12,16.21778106689453,16.21778106689453,0.3655228018760681,0.31870952248573303
single,Van Gogh,18,13,17.172523498535156,17.172523498535156,0.3932622969150543,0.25314608216285706
single,Van Gogh,18,14,16.590356826782227,16.590356826782227,0.3874679207801819,0.2553142011165619
single,Van Gogh,18,15,15.539033889770508,15.539033889770508,0.412902295589447,0.25472259521484375
single,Van Gogh,18,16,16.658451080322266,16.658449172973633,0.371243417263031,0.3336663246154785
single,Van Gogh,18,17,15.497199058532715,15.497199058532715,0.3497021198272705,0.21604564785957336
single,Van Gogh,18,18,16.955902099609375,16.955902099609375,0.4068271815776825,0.28226953744888306
single,Van Gogh,18,19,16.71082305908203,16.71082305908203,0.39474669098854065,0.2694491147994995
single,Van Gogh,19,0,14.422941207885742,14.422941207885742,0.3796001970767975,0.3368924856185913
single,Van Gogh,19,1,14.82935905456543,14.82935905456543,0.36864131689071655,0.2530231475830078
single,Van Gogh,19,2,16.28271484375,16.28271484375,0.4123387336730957,0.27230706810951233
single,Van Gogh,19,3,15.473676681518555,15.473676681518555,0.4261089563369751,0.2966057360172272
single,Van Gogh,19,4,14.8402099609375,14.840211868286133,0.37633296847343445,0.34083276987075806
single,Van Gogh,19,5,14.954378128051758,14.954378128051758,0.36562877893447876,0.2625393867492676
single,Van Gogh,19,6,14.948161125183105,14.948161125183105,0.3933420777320862,0.25598686933517456
single,Van Gogh,19,7,13.817273139953613,13.81727409362793,0.37550821900367737,0.22559738159179688
single,Van Gogh,19,8,14.562922477722168,14.5629243850708,0.36835977435112,0.33284124732017517
single,Van Gogh,19,9,15.611428260803223,15.611430168151855,0.377364844083786,0.25583863258361816
single,Van Gogh,19,10,14.516047477722168,14.516045570373535,0.3758074939250946,0.25227320194244385
single,Van Gogh,19,11,16.232934951782227,16.23293685913086,0.41727474331855774,0.29999804496765137
single,Van Gogh,19,12,14.06312084197998,14.06312084197998,0.3582877516746521,0.3130480647087097
single,Van Gogh,19,13,14.539386749267578,14.539386749267578,0.3603695333003998,0.2246098518371582
single,Van Gogh,19,14,15.3181734085083,15.3181734085083,0.3884247839450836,0.2526230812072754
single,Van Gogh,19,15,14.965044021606445,14.965044021606445,0.4184119701385498,0.26341772079467773
single,Van Gogh,19,16,14.90461254119873,14.90461254119873,0.36765608191490173,0.32723724842071533
single,Van Gogh,19,17,15.52643871307373,15.52643871307373,0.3702799379825592,0.24070078134536743
single,Van Gogh,19,18,15.767889976501465,15.767889976501465,0.40637272596359253,0.26911285519599915
single,Van Gogh,19,19,15.804316520690918,15.804316520690918,0.39845794439315796,0.25386762619018555
single,Van Gogh,20,0,15.190457344055176,15.190460205078125,0.3986475169658661,0.3473872244358063
single,Van Gogh,20,1,15.244447708129883,15.244447708129883,0.33658966422080994,0.215484157204628
single,Van Gogh,20,2,17.196422576904297,17.19642448425293,0.37525421380996704,0.24893750250339508
single,Van Gogh,20,3,17.33878517150879,17.33878517150879,0.4141022264957428,0.2912769913673401
single,Van Gogh,20,4,15.835124015808105,15.835125923156738,0.39582186937332153,0.3515687882900238
single,Van Gogh,20,5,16.8074951171875,16.8074951171875,0.35297149419784546,0.24396014213562012
single,Van Gogh,20,6,16.735687255859375,16.735687255859375,0.36692315340042114,0.2536403238773346
single,Van Gogh,20,7,16.083595275878906,16.08359718322754,0.36734238266944885,0.2289791852235794
single,Van Gogh,20,8,15.84378719329834,15.843789100646973,0.3895590007305145,0.34524983167648315
single,Van Gogh,20,9,16.225027084350586,16.22502899169922,0.3508782982826233,0.2443629950284958
single,Van Gogh,20,10,15.589154243469238,15.589154243469238,0.35075053572654724,0.23126597702503204
single,Van Gogh,20,11,18.438215255737305,18.438217163085938,0.4167087972164154,0.2895970642566681
single,Van Gogh,20,12,15.367289543151855,15.367289543151855,0.38124820590019226,0.32965001463890076
single,Van Gogh,20,13,15.608296394348145,15.608298301696777,0.3489355742931366,0.24068821966648102
single,Van Gogh,20,14,16.505220413208008,16.505220413208008,0.35535839200019836,0.23215563595294952
single,Van Gogh,20,15,17.240821838378906,17.240821838378906,0.4025561213493347,0.2457055300474167
single,Van Gogh,20,16,15.526894569396973,15.526896476745605,0.3770788013935089,0.33740943670272827
single,Van Gogh,20,17,15.971457481384277,15.97145938873291,0.32730183005332947,0.2242724597454071
single,Van Gogh,20,18,17.038589477539062,17.038589477539062,0.3670213520526886,0.25290021300315857
single,Van Gogh,20,19,18.75870132446289,18.75870132446289,0.39422720670700073,0.26506730914115906
single,Van Gogh,21,0,12.49312973022461,12.493130683898926,0.3721649646759033,0.3310178220272064
single,Van Gogh,21,1,16.521194458007812,16.521196365356445,0.3662396967411041,0.24408213794231415
single,Van Gogh,21,2,18.36077880859375,18.36077880859375,0.392865926027298,0.27036866545677185
single,Van Gogh,21,3,19.037904739379883,19.037904739379883,0.43845319747924805,0.31811726093292236
single,Van Gogh,21,4,13.453757286071777,13.45375919342041,0.37690308690071106,0.342804878950119
single,Van Gogh,21,5,18.16225814819336,18.16225814819336,0.3756132125854492,0.2575533092021942
single,Van Gogh,21,6,19.21420669555664,19.21420669555664,0.41024118661880493,0.273131787776947
single,Van Gogh,21,7,18.578338623046875,18.578338623046875,0.40396007895469666,0.26237598061561584
single,Van Gogh,21,8,12.82427978515625,12.82427978515625,0.3661028742790222,0.32787397503852844
single,Van Gogh,21,9,17.36280632019043,17.36280632019043,0.36205369234085083,0.24786032736301422
single,Van Gogh,21,10,18.15050506591797,18.15050506591797,0.39248329401016235,0.2793656885623932
single,Van Gogh,21,11,19.8004207611084,19.8004207611084,0.4282926619052887,0.3189851939678192
single,Van Gogh,21,12,11.99360466003418,11.99360466003418,0.341285765171051,0.30067649483680725
single,Van Gogh,21,13,15.44919490814209,15.449196815490723,0.3398803472518921,0.21667544543743134
single,Van Gogh,21,14,18.28936195373535,18.28936195373535,0.3880392611026764,0.24986566603183746
single,Van Gogh,21,15,18.78177261352539,18.78177261352539,0.4273453950881958,0.2745894193649292
single,Van Gogh,21,16,13.093219757080078,13.093220710754395,0.3599255681037903,0.320371150970459
single,Van Gogh,21,17,15.632144927978516,15.632145881652832,0.3251730501651764,0.2055448740720749
single,Van Gogh,21,18,19.954164505004883,19.954164505004883,0.4028586745262146,0.278128057718277
single,Van Gogh,21,19,22.22696304321289,22.22696304321289,0.4392470419406891,0.3049423098564148
single,Van Gogh,22,0,12.705524444580078,12.705525398254395,0.4329354465007782,0.38769838213920593
single,Van Gogh,22,1,14.10968017578125,14.10968017578125,0.3433765470981598,0.2466771900653839
single,Van Gogh,22,2,16.81348419189453,16.81348419189453,0.37287378311157227,0.25379282236099243
single,Van Gogh,22,3,16.889726638793945,16.889726638793945,0.4165921211242676,0.2744147777557373
single,Van Gogh,22,4,12.767422676086426,12.767422676086426,0.42285218834877014,0.3790494203567505
single,Van Gogh,22,5,14.661609649658203,14.66161060333252,0.33143535256385803,0.2375837117433548
single,Van Gogh,22,6,15.735554695129395,15.735554695129395,0.3525514006614685,0.2274457961320877
single,Van Gogh,22,7,16.902620315551758,16.902620315551758,0.3695007860660553,0.23208726942539215
single,Van Gogh,22,8,12.635050773620605,12.635050773620605,0.41656413674354553,0.37335148453712463
single,Van Gogh,22,9,15.497360229492188,15.49736213684082,0.3439583480358124,0.25414949655532837
single,Van Gogh,22,10,16.974882125854492,16.974884033203125,0.3797887861728668,0.26298651099205017
single,Van Gogh,22,11,17.967880249023438,17.96788215637207,0.4094240069389343,0.2814497947692871
single,Van Gogh,22,12,12.020496368408203,12.020496368408203,0.3935338258743286,0.3527924120426178
single,Van Gogh,22,13,15.121612548828125,15.121612548828125,0.33894529938697815,0.2425111085176468
single,Van Gogh,22,14,15.58007526397705,15.58007526397705,0.3460635840892792,0.2156352549791336
single,Van Gogh,22,15,16.597177505493164,16.597177505493164,0.3960475027561188,0.24298326671123505
single,Van Gogh,22,16,12.96690559387207,12.96690559387207,0.4112193286418915,0.3638995587825775
single,Van Gogh,22,17,13.881620407104492,13.881621360778809,0.324570894241333,0.2217293381690979
single,Van Gogh,22,18,17.59844398498535,17.598445892333984,0.37065544724464417,0.23749807476997375
single,Van Gogh,22,19,18.847219467163086,18.84722137451172,0.38186994194984436,0.25735870003700256
single,Van Gogh,23,0,13.274197578430176,13.274198532104492,0.41174212098121643,0.3545859158039093
single,Van Gogh,23,1,20.028724670410156,20.028724670410156,0.35654208064079285,0.2431618869304657
single,Van Gogh,23,2,24.74603271484375,24.74603271484375,0.39984187483787537,0.27692148089408875
single,Van Gogh,23,3,23.402597427368164,23.402597427368164,0.4155558943748474,0.2826947271823883
single,Van Gogh,23,4,13.382486343383789,13.382487297058105,0.4071267247200012,0.3508944511413574
single,Van Gogh,23,5,20.597442626953125,20.597442626953125,0.35496461391448975,0.24958109855651855
single,Van Gogh,23,6,22.544687271118164,22.544687271118164,0.38055118918418884,0.24545413255691528
single,Van Gogh,23,7,25.64280891418457,25.64280891418457,0.3991447687149048,0.24816393852233887
single,Van Gogh,23,8,13.022053718566895,13.022054672241211,0.39228546619415283,0.33937326073646545
single,Van Gogh,23,9,24.794065475463867,24.7940673828125,0.3887444734573364,0.2931581735610962
single,Van Gogh,23,10,22.76285171508789,22.762853622436523,0.38123777508735657,0.26120510697364807
single,Van Gogh,23,11,23.09412384033203,23.09412384033203,0.3920302987098694,0.271614134311676
single,Van Gogh,23,12,12.335736274719238,12.335736274719238,0.3682355284690857,0.31909194588661194
single,Van Gogh,23,13,21.72552490234375,21.725522994995117,0.3665732741355896,0.26557594537734985
single,Van Gogh,23,14,21.376850128173828,21.376850128173828,0.3411168158054352,0.20693130791187286
single,Van Gogh,23,15,23.413063049316406,23.413063049316406,0.4097495377063751,0.24808549880981445
single,Van Gogh,23,16,13.513019561767578,13.513020515441895,0.38695546984672546,0.3382163941860199
single,Van Gogh,23,17,20.75394058227539,20.75394058227539,0.36295029520988464,0.2414885312318802
single,Van Gogh,23,18,24.880537033081055,24.880537033081055,0.3917480707168579,0.2465861588716507
single,Van Gogh,23,19,27.60837745666504,27.60837745666504,0.4158701002597809,0.261974960565567
single,Van Gogh,24,0,13.079998970031738,13.079998970031738,0.42168989777565,0.3806476593017578
single,Van Gogh,24,1,21.62331199645996,21.62331199645996,0.3973065912723541,0.28417935967445374
single,Van Gogh,24,2,27.042850494384766,27.04285430908203,0.429230272769928,0.29705509543418884
single,Van Gogh,24,3,26.84636116027832,26.84636116027832,0.4675886332988739,0.33355945348739624
single,Van Gogh,24,4,12.846501350402832,12.846500396728516,0.40551820397377014,0.37011802196502686
single,Van Gogh,24,5,22.82622718811035,22.82622718811035,0.39540761709213257,0.2856818735599518
single,Van Gogh,24,6,25.797657012939453,25.797657012939453,0.426332950592041,0.2753656208515167
single,Van Gogh,24,7,28.24677085876465,28.24677085876465,0.4174335300922394,0.2682693302631378
single,Van Gogh,24,8,12.338289260864258,12.338289260864258,0.3832145929336548,0.3432614803314209
single,Van Gogh,24,9,24.53801918029785,24.53801918029785,0.40049082040786743,0.29464834928512573
single,Van Gogh,24,10,26.702186584472656,26.702186584472656,0.42843762040138245,0.30261993408203125
single,Van Gogh,24,11,25.97108268737793,25.97108268737793,0.4340271055698395,0.30250629782676697
single,Van Gogh,24,12,13.46275806427002,13.46275806427002,0.3971240818500519,0.3552851676940918
single,Van Gogh,24,13,22.606287002563477,22.606287002563477,0.3876021206378937,0.27875393629074097
single,Van Gogh,24,14,24.642038345336914,24.642038345336914,0.3953315317630768,0.24910879135131836
single,Van Gogh,24,15,27.152189254760742,27.152189254760742,0.45496436953544617,0.29225248098373413
single,Van Gogh,24,16,13.199847221374512,13.199846267700195,0.39207974076271057,0.35479122400283813
single,Van Gogh,24,17,21.568532943725586,21.568532943725586,0.3806416988372803,0.28068992495536804
single,Van Gogh,24,18,28.83029556274414,28.83029556274414,0.4223948121070862,0.2800677716732025
single,Van Gogh,24,19,27.517684936523438,27.517684936523438,0.4071837067604065,0.25705400109291077
single,Van Gogh,25,0,13.701910972595215,13.701912879943848,0.4331822991371155,0.38384199142456055
single,Van Gogh,25,1,21.02328109741211,21.02328109741211,0.36761412024497986,0.2685648500919342
single,Van Gogh,25,2,23.33523941040039,23.33523941040039,0.3811785578727722,0.26832443475723267
single,Van Gogh,25,3,22.746904373168945,22.746904373168945,0.4104505181312561,0.2841559946537018
single,Van Gogh,25,4,13.707026481628418,13.707027435302734,0.42382678389549255,0.3792093098163605
single,Van Gogh,25,5,21.617549896240234,21.617549896240234,0.34828320145606995,0.24618837237358093
single,Van Gogh,25,6,19.86790657043457,19.86790657043457,0.35583582520484924,0.22627635300159454
single,Van Gogh,25,7,24.79514503479004,24.79514503479004,0.37085989117622375,0.238750621676445
single,Van Gogh,25,8,13.465269088745117,13.4652681350708,0.4143691062927246,0.364941269159317
single,Van Gogh,25,9,23.413801193237305,23.413801193237305,0.3592185378074646,0.28547826409339905
single,Van Gogh,25,10,20.852970123291016,20.852970123291016,0.3504268229007721,0.2449660301208496
single,Van Gogh,25,11,22.57147216796875,22.571474075317383,0.38957276940345764,0.2817520499229431
single,Van Gogh,25,12,14.037169456481934,14.037169456481934,0.4104669392108917,0.3571779429912567
single,Van Gogh,25,13,21.811500549316406,21.811500549316406,0.3571695387363434,0.2657894194126129
single,Van Gogh,25,14,21.228166580200195,21.228166580200195,0.35347074270248413,0.23268498480319977
single,Van Gogh,25,15,21.188209533691406,21.188209533691406,0.3746308386325836,0.2321525663137436
single,Van Gogh,25,16,13.540193557739258,13.540193557739258,0.40379586815834045,0.36182764172554016
single,Van Gogh,25,17,20.220977783203125,20.220979690551758,0.3527301847934723,0.2536504566669464
single,Van Gogh,25,18,21.83163070678711,21.83163070678711,0.35298141837120056,0.23964259028434753
single,Van Gogh,25,19,25.215667724609375,25.215667724609375,0.377673476934433,0.24165180325508118
single,Van Gogh,26,0,13.406879425048828,13.406879425048828,0.40223047137260437,0.3369843065738678
single,Van Gogh,26,1,17.28736114501953,17.28736114501953,0.34472933411598206,0.23894678056240082
single,Van Gogh,26,2,19.793581008911133,19.793581008911133,0.3689819872379303,0.24036367237567902
single,Van Gogh,26,3,20.62917137145996,20.62917137145996,0.4085017442703247,0.25882983207702637
single,Van Gogh,26,4,13.714268684387207,13.714268684387207,0.40392544865608215,0.34290939569473267
single,Van Gogh,26,5,19.135862350463867,19.135860443115234,0.3489237427711487,0.230453222990036
single,Van Gogh,26,6,17.84330177307129,17.84330177307129,0.36037397384643555,0.22252734005451202
single,Van Gogh,26,7,22.256649017333984,22.256649017333984,0.3788543939590454,0.23256206512451172
single,Van Gogh,26,8,13.322628021240234,13.32262897491455,0.3905348777770996,0.31716206669807434
single,Van Gogh,26,9,19.180923461914062,19.180923461914062,0.3445110023021698,0.24090830981731415
single,Van Gogh,26,10,17.70475196838379,17.70475196838379,0.3446061313152313,0.22884279489517212
single,Van Gogh,26,11,19.887832641601562,19.887832641601562,0.36665406823158264,0.2539116442203522
single,Van Gogh,26,12,14.036187171936035,14.036187171936035,0.3923446536064148,0.32286036014556885
single,Van Gogh,26,13,18.008176803588867,18.008176803588867,0.3385199308395386,0.23319536447525024
single,Van Gogh,26,14,18.718059539794922,18.718059539794922,0.3528067171573639,0.2187180072069168
single,Van Gogh,26,15,19.487030029296875,19.487030029296875,0.38132086396217346,0.2180541306734085
single,Van Gogh,26,16,12.960617065429688,12.960617065429688,0.371724933385849,0.31026339530944824
single,Van Gogh,26,17,18.914005279541016,18.914005279541016,0.36434829235076904,0.26567184925079346
single,Van Gogh,26,18,18.15669822692871,18.156700134277344,0.34691131114959717,0.21544528007507324
single,Van Gogh,26,19,20.867170333862305,20.867172241210938,0.34972038865089417,0.2145640105009079
single,Van Gogh,27,0,11.796998977661133,11.796998977661133,0.3879614472389221,0.3281356394290924
single,Van Gogh,27,1,17.724552154541016,17.724552154541016,0.3646278381347656,0.25432074069976807
single,Van Gogh,27,2,17.31438636779785,17.31438636779785,0.3499354422092438,0.2575959265232086
single,Van Gogh,27,3,17.696306228637695,17.69631004333496,0.3855549991130829,0.27532413601875305
single,Van Gogh,27,4,12.334420204162598,12.334420204162598,0.39862456917762756,0.34553423523902893
single,Van Gogh,27,5,19.40493392944336,19.40493392944336,0.3650309145450592,0.25075727701187134
single,Van Gogh,27,6,16.391292572021484,16.391292572021484,0.3482227921485901,0.24163399636745453
single,Van Gogh,27,7,18.39631462097168,18.39631462097168,0.34716466069221497,0.23973968625068665
single,Van Gogh,27,8,11.264382362365723,11.264382362365723,0.3740606904029846,0.31610462069511414
single,Van Gogh,27,9,20.21592140197754,20.21592140197754,0.38716432452201843,0.2829153835773468
single,Van Gogh,27,10,16.32383155822754,16.323833465576172,0.34618228673934937,0.2295352667570114
single,Van Gogh,27,11,19.266138076782227,19.266138076782227,0.376341849565506,0.26973193883895874
single,Van Gogh,27,12,12.455182075500488,12.455182075500488,0.38024672865867615,0.3227384090423584
single,Van Gogh,27,13,18.55621337890625,18.55621337890625,0.3683722913265228,0.2680210471153259
single,Van Gogh,27,14,16.775381088256836,16.775381088256836,0.3401120603084564,0.22935600578784943
single,Van Gogh,27,15,16.360881805419922,16.360883712768555,0.35181960463523865,0.2200060486793518
single,Van Gogh,27,16,11.997835159301758,11.997835159301758,0.38151121139526367,0.329610675573349
single,Van Gogh,27,17,17.632715225219727,17.632715225219727,0.3575408458709717,0.2787138819694519
single,Van Gogh,27,18,16.02147102355957,16.02147102355957,0.3242478370666504,0.22889620065689087
single,Van Gogh,27,19,19.197444915771484,19.197444915771484,0.34955301880836487,0.2536616623401642
single,Van Gogh,28,0,13.078348159790039,13.078348159790039,0.4224643111228943,0.35897406935691833
single,Van Gogh,28,1,17.183687210083008,17.183687210083008,0.364682674407959,0.27761268615722656
single,Van Gogh,28,2,16.344335556030273,16.344337463378906,0.3513855040073395,0.2630752921104431
single,Van Gogh,28,3,16.96299934387207,16.96299934387207,0.39410319924354553,0.27230238914489746
single,Van Gogh,28,4,12.778204917907715,12.778203964233398,0.40922027826309204,0.35898199677467346
single,Van Gogh,28,5,17.73907470703125,17.739076614379883,0.3590591251850128,0.2752314507961273
single,Van Gogh,28,6,16.66226577758789,16.66226577758789,0.3689062297344208,0.2617034614086151
single,Van Gogh,28,7,18.184476852416992,18.184476852416992,0.36886894702911377,0.24385251104831696
single,Van Gogh,28,8,11.959493637084961,11.959493637084961,0.3857554495334625,0.3316468298435211
single,Van Gogh,28,9,17.5792179107666,17.5792179107666,0.35788193345069885,0.2925344407558441
single,Van Gogh,28,10,15.92031192779541,15.92031192779541,0.3567391335964203,0.2808871567249298
single,Van Gogh,28,11,18.504629135131836,18.50463104248047,0.38322344422340393,0.26448237895965576
single,Van Gogh,28,12,13.287423133850098,13.287423133850098,0.39857324957847595,0.34077680110931396
single,Van Gogh,28,13,16.41626739501953,16.41626739501953,0.3530813455581665,0.2649701237678528
single,Van Gogh,28,14,17.118799209594727,17.118799209594727,0.3669178783893585,0.2602345645427704
single,Van Gogh,28,15,16.501380920410156,16.501380920410156,0.3717578649520874,0.22974549233913422
single,Van Gogh,28,16,11.819127082824707,11.819127082824707,0.3754410743713379,0.3302187919616699
single,Van Gogh,28,17,18.03592872619629,18.035932540893555,0.3802150785923004,0.32241103053092957
single,Van Gogh,28,18,16.927249908447266,16.927249908447266,0.3563336431980133,0.26315128803253174
single,Van Gogh,28,19,17.656301498413086,17.65630340576172,0.35158196091651917,0.24707728624343872
single,Van Gogh,29,0,12.485454559326172,12.485454559326172,0.3835799992084503,0.3164927661418915
single,Van Gogh,29,1,15.90458869934082,15.904590606689453,0.33364811539649963,0.23694069683551788
single,Van Gogh,29,2,15.35648250579834,15.35648250579834,0.3311072289943695,0.23702199757099152
single,Van Gogh,29,3,16.09975242614746,16.09975242614746,0.3734394311904907,0.25080937147140503
single,Van Gogh,29,4,12.542340278625488,12.542340278625488,0.376473605632782,0.3172656297683716
single,Van Gogh,29,5,16.1827392578125,16.1827392578125,0.3245786130428314,0.22021859884262085
single,Van Gogh,29,6,15.192025184631348,15.192025184631348,0.34336575865745544,0.22521287202835083
single,Van Gogh,29,7,18.18224334716797,18.1822452545166,0.36935633420944214,0.23728697001934052
single,Van Gogh,29,8,11.752035140991211,11.752035140991211,0.3612244427204132,0.3063240647315979
single,Van Gogh,29,9,15.486506462097168,15.486506462097168,0.32468581199645996,0.24037334322929382
single,Van Gogh,29,10,14.488871574401855,14.488871574401855,0.33477047085762024,0.23030000925064087
single,Van Gogh,29,11,16.6624755859375,16.662479400634766,0.3458271622657776,0.2278982549905777
single,Van Gogh,29,12,13.31180191040039,13.31180191040039,0.36607274413108826,0.30274996161460876
single,Van Gogh,29,13,15.48719596862793,15.487197875976562,0.3315415382385254,0.22847451269626617
single,Van Gogh,29,14,15.170586585998535,15.170586585998535,0.33923953771591187,0.21455009281635284
single,Van Gogh,29,15,16.848344802856445,16.848346710205078,0.37516722083091736,0.22314037382602692
single,Van Gogh,29,16,12.224578857421875,12.224578857421875,0.35350126028060913,0.3004038333892822
single,Van Gogh,29,17,16.092267990112305,16.092267990112305,0.3330334722995758,0.255583256483078
single,Van Gogh,29,18,16.135705947875977,16.135705947875977,0.33803898096084595,0.2212904840707779
single,Van Gogh,29,19,17.353591918945312,17.353591918945312,0.34522125124931335,0.24121679365634918
single,Van Gogh,30,0,14.628506660461426,14.628507614135742,0.4597853720188141,0.38621896505355835
single,Van Gogh,30,1,17.618040084838867,17.6180419921875,0.340827614068985,0.26374006271362305
single,Van Gogh,30,2,17.43996238708496,17.43996238708496,0.3417648375034332,0.23274393379688263
single,Van Gogh,30,3,18.846200942993164,18.846200942993164,0.39206328988075256,0.2628122568130493
single,Van Gogh,30,4,14.345784187316895,14.345784187316895,0.4376561641693115,0.37160974740982056
single,Van Gogh,30,5,18.65860939025879,18.65860939025879,0.33575373888015747,0.24476851522922516
single,Van Gogh,30,6,17.153432846069336,17.153432846069336,0.3510817587375641,0.23946280777454376
single,Van Gogh,30,7,22.179792404174805,22.179792404174805,0.3892665505409241,0.23450006544589996
single,Van Gogh,30,8,13.57707691192627,13.577077865600586,0.42638298869132996,0.3544803261756897
single,Van Gogh,30,9,17.925092697143555,17.925094604492188,0.3325681686401367,0.24394893646240234
single,Van Gogh,30,10,16.36641502380371,16.366416931152344,0.3342514634132385,0.2349608987569809
single,Van Gogh,30,11,19.563186645507812,19.563186645507812,0.3657284677028656,0.24734152853488922
single,Van Gogh,30,12,14.94223690032959,14.94223690032959,0.42773687839508057,0.3603338301181793
single,Van Gogh,30,13,17.14209747314453,17.14209747314453,0.3337748646736145,0.24962909519672394
single,Van Gogh,30,14,17.21385383605957,17.213850021362305,0.34429383277893066,0.2397284060716629
single,Van Gogh,30,15,17.974605560302734,17.974605560302734,0.36664941906929016,0.2273564338684082
single,Van Gogh,30,16,12.951741218566895,12.951741218566895,0.39347976446151733,0.3282264769077301
single,Van Gogh,30,17,18.358896255493164,18.358896255493164,0.36245304346084595,0.2910477817058563
single,Van Gogh,30,18,18.986047744750977,18.98604965209961,0.36430230736732483,0.23705525696277618
single,Van Gogh,30,19,21.372745513916016,21.372745513916016,0.37827062606811523,0.23541995882987976
single,Van Gogh,31,0,16.11604881286621,16.11604881286621,0.4735557734966278,0.383574903011322
single,Van Gogh,31,1,18.809560775756836,18.809560775756836,0.3502565324306488,0.2537599205970764
single,Van Gogh,31,2,19.754302978515625,19.754302978515625,0.3543350100517273,0.22925840318202972
single,Van Gogh,31,3,21.17062759399414,21.17062759399414,0.4007669985294342,0.2580588459968567
single,Van Gogh,31,4,15.300223350524902,15.300225257873535,0.4357217848300934,0.3648882508277893
single,Van Gogh,31,5,18.12773323059082,18.12773323059082,0.3256974220275879,0.2228580117225647
single,Van Gogh,31,6,17.438627243041992,17.438629150390625,0.33329036831855774,0.21852733194828033
single,Van Gogh,31,7,24.20708656311035,24.207088470458984,0.3822227120399475,0.2506321370601654
single,Van Gogh,31,8,14.362348556518555,14.362348556518555,0.4187266528606415,0.3533470630645752
single,Van Gogh,31,9,18.17135238647461,18.17135238647461,0.32253769040107727,0.23367834091186523
single,Van Gogh,31,10,17.72153663635254,17.72153663635254,0.3362835645675659,0.22593092918395996
single,Van Gogh,31,11,23.78306770324707,23.78306770324707,0.3958315849304199,0.25250959396362305
single,Van Gogh,31,12,16.53554916381836,16.53554916381836,0.4405740797519684,0.36374950408935547
single,Van Gogh,31,13,16.480688095092773,16.480690002441406,0.3103910982608795,0.227412149310112
single,Van Gogh,31,14,17.616661071777344,17.616661071777344,0.3295273780822754,0.21347226202487946
single,Van Gogh,31,15,20.879358291625977,20.879358291625977,0.38259220123291016,0.23299524188041687
single,Van Gogh,31,16,14.192171096801758,14.192171096801758,0.3965877890586853,0.32495447993278503
single,Van Gogh,31,17,18.23960304260254,18.23960304260254,0.3410414457321167,0.24911467730998993
single,Van Gogh,31,18,18.875667572021484,18.875667572021484,0.34046071767807007,0.21811817586421967
single,Van Gogh,31,19,23.135637283325195,23.135637283325195,0.36343303322792053,0.22999875247478485
single,Van Gogh,32,0,17.24129295349121,17.24129295349121,0.454155832529068,0.3803494870662689
single,Van Gogh,32,1,19.76734733581543,19.767351150512695,0.337125301361084,0.24574418365955353
single,Van Gogh,32,2,21.6387882232666,21.6387882232666,0.34207242727279663,0.22659121453762054
single,Van Gogh,32,3,24.824010848999023,24.824012756347656,0.4254189133644104,0.2768784761428833
single,Van Gogh,32,4,17.225502014160156,17.22550392150879,0.4451827108860016,0.37744754552841187
single,Van Gogh,32,5,20.42755126953125,20.42755126953125,0.32909736037254333,0.2504996359348297
single,Van Gogh,32,6,20.699899673461914,20.699901580810547,0.34437909722328186,0.22846995294094086
single,Van Gogh,32,7,26.117000579833984,26.117000579833984,0.37065520882606506,0.24463383853435516
single,Van Gogh,32,8,16.523305892944336,16.523305892944336,0.4317542016506195,0.36172690987586975
single,Van Gogh,32,9,18.69622230529785,18.69622230529785,0.3191448748111725,0.2240406721830368
single,Van Gogh,32,10,19.230701446533203,19.230701446533203,0.329833447933197,0.23775894939899445
single,Van Gogh,32,11,26.072248458862305,26.07225227355957,0.3989472985267639,0.2694063186645508
single,Van Gogh,32,12,17.34528923034668,17.34528923034668,0.4317080080509186,0.3536728620529175
single,Van Gogh,32,13,19.563993453979492,19.563993453979492,0.33473947644233704,0.24850858747959137
single,Van Gogh,32,14,20.989145278930664,20.989145278930664,0.35173144936561584,0.2229529768228531
single,Van Gogh,32,15,25.39276123046875,25.392763137817383,0.3988167345523834,0.25866711139678955
single,Van Gogh,32,16,15.685389518737793,15.685391426086426,0.4051738381385803,0.33801713585853577
single,Van Gogh,32,17,20.336626052856445,20.33662986755371,0.33846399188041687,0.26363974809646606
single,Van Gogh,32,18,21.317508697509766,21.3175106048584,0.3449125289916992,0.23968569934368134
single,Van Gogh,32,19,26.26370620727539,26.263708114624023,0.38116255402565,0.2629907429218292
single,Van Gogh,33,0,18.55486488342285,18.554866790771484,0.5072886347770691,0.4254687428474426
single,Van Gogh,33,1,22.6633243560791,22.6633243560791,0.3821425437927246,0.2885294258594513
single,Van Gogh,33,2,20.60450553894043,20.604507446289062,0.34004080295562744,0.21904194355010986
single,Van Gogh,33,3,24.162134170532227,24.162134170532227,0.41741058230400085,0.274303674697876
single,Van Gogh,33,4,18.2016544342041,18.2016544342041,0.4863877296447754,0.4178295433521271
single,Van Gogh,33,5,24.325443267822266,24.325443267822266,0.3890775740146637,0.29682090878486633
single,Van Gogh,33,6,21.240591049194336,21.2405948638916,0.3617904484272003,0.2424156367778778
single,Van Gogh,33,7,25.56906509399414,25.56906509399414,0.3795115649700165,0.24761873483657837
single,Van Gogh,33,8,17.041654586791992,17.041656494140625,0.4696753919124603,0.40813201665878296
single,Van Gogh,33,9,22.31217384338379,22.31217384338379,0.38392892479896545,0.2725786566734314
single,Van Gogh,33,10,21.316987991333008,21.316987991333008,0.3707229793071747,0.24785985052585602
single,Van Gogh,33,11,24.96290397644043,24.96290397644043,0.39228641986846924,0.2435925304889679
single,Van Gogh,33,12,18.45004653930664,18.450048446655273,0.47219404578208923,0.3955833315849304
single,Van Gogh,33,13,22.072481155395508,22.072481155395508,0.37810012698173523,0.27978935837745667
single,Van Gogh,33,14,21.400522232055664,21.400524139404297,0.36520734429359436,0.24380254745483398
single,Van Gogh,33,15,26.149173736572266,26.149173736572266,0.4048871099948883,0.25227683782577515
single,Van Gogh,33,16,15.818559646606445,15.818559646606445,0.42044320702552795,0.3655705451965332
single,Van Gogh,33,17,22.4986515045166,22.4986515045166,0.37022802233695984,0.30695655941963196
single,Van Gogh,33,18,18.80491065979004,18.80491065979004,0.3227774202823639,0.21429967880249023
single,Van Gogh,33,19,23.3591251373291,23.3591251373291,0.35485410690307617,0.21448643505573273
single,Van Gogh,34,0,20.7163028717041,20.7163028717041,0.49518054723739624,0.38761910796165466
single,Van Gogh,34,1,27.561080932617188,27.56108283996582,0.4324146807193756,0.30164527893066406
single,Van Gogh,34,2,24.855966567993164,24.855968475341797,0.38190025091171265,0.2566399574279785
single,Van Gogh,34,3,31.11211585998535,31.112117767333984,0.4742056131362915,0.2996084988117218
single,Van Gogh,34,4,19.772253036499023,19.772254943847656,0.46079057455062866,0.36883026361465454
single,Van Gogh,34,5,30.576581954956055,30.57658576965332,0.4465543031692505,0.3194199204444885
single,Van Gogh,34,6,26.81523323059082,26.815235137939453,0.42658793926239014,0.2890435755252838
single,Van Gogh,34,7,30.57566261291504,30.57566261291504,0.43162640929222107,0.27359628677368164
single,Van Gogh,34,8,18.087257385253906,18.087257385253906,0.44746604561805725,0.3668220639228821
single,Van Gogh,34,9,25.79234504699707,25.79234504699707,0.41473865509033203,0.282966285943985
single,Van Gogh,34,10,24.7274112701416,24.7274112701416,0.4018345773220062,0.2695743441581726
single,Van Gogh,34,11,29.65479850769043,29.654802322387695,0.4356794059276581,0.2765190899372101
single,Van Gogh,34,12,20.591951370239258,20.59195327758789,0.4670732915401459,0.35674354434013367
single,Van Gogh,34,13,26.247756958007812,26.247756958007812,0.4203210771083832,0.28870317339897156
single,Van Gogh,34,14,24.284570693969727,24.28457260131836,0.39729800820350647,0.2479667365550995
single,Van Gogh,34,15,29.55315589904785,29.55315589904785,0.44230377674102783,0.2884552478790283
single,Van Gogh,34,16,17.668655395507812,17.668657302856445,0.42077574133872986,0.3479572832584381
single,Van Gogh,34,17,26.27475929260254,26.27475929260254,0.40618589520454407,0.30910831689834595
single,Van Gogh,34,18,25.0006046295166,25.000606536865234,0.383527934551239,0.23845750093460083
single,Van Gogh,34,19,27.822879791259766,27.822879791259766,0.40081480145454407,0.2729072570800781
single,Van Gogh,35,0,19.26481819152832,19.26481819152832,0.4771609902381897,0.3450224995613098
single,Van Gogh,35,1,31.5530948638916,31.5530948638916,0.5324419736862183,0.362915962934494
single,Van Gogh,35,2,21.35993003845215,21.35993194580078,0.3829670548439026,0.2597707211971283
single,Van Gogh,35,3,35.51406478881836,35.514068603515625,0.5143159031867981,0.3158438205718994
single,Van Gogh,35,4,18.49057960510254,18.49057960510254,0.45101696252822876,0.34135326743125916
single,Van Gogh,35,5,33.59805679321289,33.598060607910156,0.5059276223182678,0.35241052508354187
single,Van Gogh,35,6,25.11138153076172,25.11138343811035,0.4344293475151062,0.2922998070716858
single,Van Gogh,35,7,31.89790153503418,31.89790153503418,0.46036067605018616,0.30962303280830383
single,Van Gogh,35,8,16.91141128540039,16.911413192749023,0.42910513281822205,0.33319446444511414
single,Van Gogh,35,9,29.262014389038086,29.262014389038086,0.5161951780319214,0.3538241386413574
single,Van Gogh,35,10,23.444660186767578,23.444660186767578,0.41944897174835205,0.29669812321662903
single,Van Gogh,35,11,33.55719757080078,33.55720138549805,0.48993247747421265,0.306599885225296
single,Van Gogh,35,12,19.449350357055664,19.44935417175293,0.47360366582870483,0.3519689440727234
single,Van Gogh,35,13,28.37626075744629,28.37626075744629,0.4879359304904938,0.34329456090927124
single,Van Gogh,35,14,25.161788940429688,25.16179084777832,0.445455938577652,0.281744122505188
single,Van Gogh,35,15,33.06547164916992,33.06547546386719,0.4826801121234894,0.3002909719944
single,Van Gogh,35,16,16.68660545349121,16.68660545349121,0.41084179282188416,0.3147190809249878
single,Van Gogh,35,17,29.439693450927734,29.439697265625,0.4701762795448303,0.3514953553676605
single,Van Gogh,35,18,26.161745071411133,26.161746978759766,0.42324528098106384,0.2865836024284363
single,Van Gogh,35,19,29.890289306640625,29.890289306640625,0.42249396443367004,0.26062503457069397
single,Van Gogh,36,0,31.541555404663086,31.541555404663086,0.5850573778152466,0.44506752490997314
single,Van Gogh,36,1,22.69893455505371,22.69893455505371,0.4720374643802643,0.28571587800979614
single,Van Gogh,36,2,17.81462287902832,17.81462287902832,0.41228020191192627,0.267651230096817
single,Van Gogh,36,3,26.036251068115234,26.036251068115234,0.5063947439193726,0.33025047183036804
single,Van Gogh,36,4,28.287477493286133,28.287477493286133,0.5729549527168274,0.48139917850494385
single,Van Gogh,36,5,22.38790512084961,22.38790512084961,0.448241651058197,0.2854250967502594
single,Van Gogh,36,6,21.2260684967041,21.2260684967041,0.4683140814304352,0.33306884765625
single,Van Gogh,36,7,26.97646141052246,26.97646141052246,0.508160412311554,0.35602903366088867
single,Van Gogh,36,8,21.121891021728516,21.121891021728516,0.4740402400493622,0.3634709417819977
single,Van Gogh,36,9,23.315168380737305,23.315170288085938,0.49957603216171265,0.39210379123687744
single,Van Gogh,36,10,18.31900405883789,18.31900405883789,0.4100019633769989,0.26542434096336365
single,Van Gogh,36,11,29.82774543762207,29.827749252319336,0.5426287651062012,0.3875347673892975
single,Van Gogh,36,12,29.37228775024414,29.37228775024414,0.5731927156448364,0.4382236897945404
single,Van Gogh,36,13,20.918746948242188,20.918746948242188,0.4618437588214874,0.30280181765556335
single,Van Gogh,36,14,18.323715209960938,18.323715209960938,0.4118358790874481,0.27622175216674805
single,Van Gogh,36,15,26.603763580322266,26.603763580322266,0.5066375136375427,0.36575981974601746
single,Van Gogh,36,16,21.673175811767578,21.67317771911621,0.5058875679969788,0.4362209737300873
single,Van Gogh,36,17,19.85818862915039,19.85818862915039,0.41453590989112854,0.3200444281101227
single,Van Gogh,36,18,16.693174362182617,16.693174362182617,0.3758109509944916,0.25860634446144104
single,Van Gogh,36,19,26.342472076416016,26.342472076416016,0.4895532429218292,0.3160761296749115
single,Van Gogh,37,0,30.11546516418457,30.11546516418457,0.5051407217979431,0.3715846538543701
single,Van Gogh,37,1,26.463300704956055,26.463302612304688,0.4490419924259186,0.3029690384864807
single,Van Gogh,37,2,26.71331787109375,26.71331787109375,0.46734651923179626,0.3155900537967682
single,Van Gogh,37,3,36.94565200805664,36.945655822753906,0.5632337927818298,0.3660617470741272
single,Van Gogh,37,4,25.325021743774414,25.325021743774414,0.4541269838809967,0.37415820360183716
single,Van Gogh,37,5,22.958467483520508,22.958471298217773,0.39254698157310486,0.28037866950035095
single,Van Gogh,37,6,25.698699951171875,25.698699951171875,0.45236343145370483,0.30259838700294495
single,Van Gogh,37,7,33.44882583618164,33.448829650878906,0.5621291399002075,0.3669029474258423
single,Van Gogh,37,8,25.19926643371582,25.19926643371582,0.4451180696487427,0.37184399366378784
single,Van Gogh,37,9,31.36585807800293,31.36585807800293,0.4792041778564453,0.3587324321269989
single,Van Gogh,37,10,32.09309768676758,32.09309768676758,0.5131520628929138,0.35428211092948914
single,Van Gogh,37,11,38.63751220703125,38.63751220703125,0.5622314810752869,0.35046276450157166
single,Van Gogh,37,12,27.496437072753906,27.496437072753906,0.48695024847984314,0.3626382350921631
single,Van Gogh,37,13,25.487932205200195,25.487932205200195,0.4535827040672302,0.3298691213130951
single,Van Gogh,37,14,28.009864807128906,28.009864807128906,0.4956749975681305,0.3251464366912842
single,Van Gogh,37,15,36.66928482055664,36.66928482055664,0.5619385838508606,0.381154328584671
single,Van Gogh,37,16,21.394332885742188,21.394332885742188,0.4032337963581085,0.31956103444099426
single,Van Gogh,37,17,28.70013427734375,28.70013427734375,0.4749206006526947,0.34077322483062744
single,Van Gogh,37,18,26.428775787353516,26.42877769470215,0.4812028110027313,0.34856823086738586
single,Van Gogh,37,19,33.19978713989258,33.19978713989258,0.5028207302093506,0.302390992641449
